      Note NODATA value in /home/dave/coast/CoastalME/in/test_suite/minimal_cons_with_intervention_wave_angle_215/two_bays.tif is -3.40282e+38
      instead using CoastalME's default floating-point NODATA value -9999
      Note NODATA value in /home/dave/coast/CoastalME/in/test_suite/minimal_cons_with_intervention_wave_angle_215/intervention_class.tif is -3.40282e+38
      instead using CoastalME's default floating-point NODATA value -9999
      Note NODATA value in /home/dave/coast/CoastalME/in/test_suite/minimal_cons_with_intervention_wave_angle_215/intervention_height.tif is -3.40282e+38
      instead using CoastalME's default floating-point NODATA value -9999
4665: no valid coasts found, see /home/dave/coast/CoastalME/out/test_suite/minimal_cons_with_intervention_wave_angle_215/minimal_cons_with_intervention.log for more information
Run ended at iteration 4665 with error code 78: "tracing coastline on grid, no valid coast found", 12:49:45 Monday 07 September 2026

=================================================================
==231528==ERROR: LeakSanitizer: detected memory leaks

Direct leak of 424640 byte(s) in 5308 object(s) allocated from:
    #0 0x79fec852ca4f in operator new(unsigned long, std::nothrow_t const&) ../../../../src/libsanitizer/asan/asan_new_delete.cpp:114
    #1 0x79fec68aa8de in OGRFeature::CreateFeature(OGRFeatureDefn const*) (/usr/lib/x86_64-linux-gnu/libgdal.so.38+0x8aa8de) (BuildId: 5024c91a394464fa10fa4e113b3e952de293b399)
    #2 0x5979ff2feedd in CSimulation::bWriteVectorGISFile(int, std::__cxx11::basic_string<char, std::char_traits<char>, std::allocator<char> > const*, std::__cxx11::basic_string<char, std::char_traits<char>, std::allocator<char> >) /home/dave/coast/CoastalME/src/gis_vector.cpp:1085
    #3 0x5979ff2d4b50 in CSimulation::bSaveAllVectorGISFiles() /home/dave/coast/CoastalME/src/gis_utils.cpp:1412
    #4 0x5979ff47047e in CSimulation::nDoSimulation(int, char const**) /home/dave/coast/CoastalME/src/simulation.cpp:1323
    #5 0x5979ff109b6d in main /home/dave/coast/CoastalME/src/cme.cpp:45
    #6 0x79fec502a600 in __libc_start_call_main ../sysdeps/nptl/libc_start_call_main.h:59
    #7 0x79fec502a717 in __libc_start_main_impl ../csu/libc-start.c:360
    #8 0x5979fefc7b84 in _start (/home/dave/coast/CoastalME/cme+0xb39b84) (BuildId: 97d2d8cd42157b9ef58d8bf687c85254bc09c5fe)

Direct leak of 832 byte(s) in 8 object(s) allocated from:
    #0 0x79fec852a6cf in realloc ../../../../src/libsanitizer/asan/asan_malloc_linux.cpp:81
    #1 0x79fec663bdce in VSIReallocVerbose (/usr/lib/x86_64-linux-gnu/libgdal.so.38+0x63bdce) (BuildId: 5024c91a394464fa10fa4e113b3e952de293b399)
    #2 0x79fec663dee4 in CSLAddStringMayFail (/usr/lib/x86_64-linux-gnu/libgdal.so.38+0x63dee4) (BuildId: 5024c91a394464fa10fa4e113b3e952de293b399)
    #3 0x79fec663df64 in CSLAddString (/usr/lib/x86_64-linux-gnu/libgdal.so.38+0x63df64) (BuildId: 5024c91a394464fa10fa4e113b3e952de293b399)
    #4 0x5979ff2b0be5 in CSimulation::bWriteRasterGISFile(int, std::__cxx11::basic_string<char, std::char_traits<char>, std::allocator<char> > const*, int, double, std::__cxx11::basic_string<char, std::char_traits<char>, std::allocator<char> >) /home/dave/coast/CoastalME/src/gis_raster.cpp:2049
    #5 0x5979ff2cf02c in CSimulation::bSaveAllRasterGISFiles() /home/dave/coast/CoastalME/src/gis_utils.cpp:1072
    #6 0x5979ff470442 in CSimulation::nDoSimulation(int, char const**) /home/dave/coast/CoastalME/src/simulation.cpp:1316
    #7 0x5979ff109b6d in main /home/dave/coast/CoastalME/src/cme.cpp:45
    #8 0x79fec502a600 in __libc_start_call_main ../sysdeps/nptl/libc_start_call_main.h:59
    #9 0x79fec502a717 in __libc_start_main_impl ../csu/libc-start.c:360
    #10 0x5979fefc7b84 in _start (/home/dave/coast/CoastalME/cme+0xb39b84) (BuildId: 97d2d8cd42157b9ef58d8bf687c85254bc09c5fe)

Direct leak of 256 byte(s) in 8 object(s) allocated from:
    #0 0x79fec852a6cf in realloc ../../../../src/libsanitizer/asan/asan_malloc_linux.cpp:81
    #1 0x79fec663bdce in VSIReallocVerbose (/usr/lib/x86_64-linux-gnu/libgdal.so.38+0x63bdce) (BuildId: 5024c91a394464fa10fa4e113b3e952de293b399)
    #2 0x79fec663dee4 in CSLAddStringMayFail (/usr/lib/x86_64-linux-gnu/libgdal.so.38+0x63dee4) (BuildId: 5024c91a394464fa10fa4e113b3e952de293b399)
    #3 0x79fec663df64 in CSLAddString (/usr/lib/x86_64-linux-gnu/libgdal.so.38+0x63df64) (BuildId: 5024c91a394464fa10fa4e113b3e952de293b399)
    #4 0x5979ff2b0c1c in CSimulation::bWriteRasterGISFile(int, std::__cxx11::basic_string<char, std::char_traits<char>, std::allocator<char> > const*, int, double, std::__cxx11::basic_string<char, std::char_traits<char>, std::allocator<char> >) /home/dave/coast/CoastalME/src/gis_raster.cpp:2055
    #5 0x5979ff2d2302 in CSimulation::bSaveAllRasterGISFiles() /home/dave/coast/CoastalME/src/gis_utils.cpp:1281
    #6 0x5979ff470442 in CSimulation::nDoSimulation(int, char const**) /home/dave/coast/CoastalME/src/simulation.cpp:1316
    #7 0x5979ff109b6d in main /home/dave/coast/CoastalME/src/cme.cpp:45
    #8 0x79fec502a600 in __libc_start_call_main ../sysdeps/nptl/libc_start_call_main.h:59
    #9 0x79fec502a717 in __libc_start_main_impl ../csu/libc-start.c:360
    #10 0x5979fefc7b84 in _start (/home/dave/coast/CoastalME/cme+0xb39b84) (BuildId: 97d2d8cd42157b9ef58d8bf687c85254bc09c5fe)

Direct leak of 192 byte(s) in 8 object(s) allocated from:
    #0 0x79fec852a6cf in realloc ../../../../src/libsanitizer/asan/asan_malloc_linux.cpp:81
    #1 0x79fec663bdce in VSIReallocVerbose (/usr/lib/x86_64-linux-gnu/libgdal.so.38+0x63bdce) (BuildId: 5024c91a394464fa10fa4e113b3e952de293b399)
    #2 0x79fec663dee4 in CSLAddStringMayFail (/usr/lib/x86_64-linux-gnu/libgdal.so.38+0x63dee4) (BuildId: 5024c91a394464fa10fa4e113b3e952de293b399)
    #3 0x79fec663df64 in CSLAddString (/usr/lib/x86_64-linux-gnu/libgdal.so.38+0x63df64) (BuildId: 5024c91a394464fa10fa4e113b3e952de293b399)
    #4 0x5979ff2b0cc2 in CSimulation::bWriteRasterGISFile(int, std::__cxx11::basic_string<char, std::char_traits<char>, std::allocator<char> > const*, int, double, std::__cxx11::basic_string<char, std::char_traits<char>, std::allocator<char> >) /home/dave/coast/CoastalME/src/gis_raster.cpp:2080
    #5 0x5979ff2d24ec in CSimulation::bSaveAllRasterGISFiles() /home/dave/coast/CoastalME/src/gis_utils.cpp:1293
    #6 0x5979ff470442 in CSimulation::nDoSimulation(int, char const**) /home/dave/coast/CoastalME/src/simulation.cpp:1316
    #7 0x5979ff109b6d in main /home/dave/coast/CoastalME/src/cme.cpp:45
    #8 0x79fec502a600 in __libc_start_call_main ../sysdeps/nptl/libc_start_call_main.h:59
    #9 0x79fec502a717 in __libc_start_main_impl ../csu/libc-start.c:360
    #10 0x5979fefc7b84 in _start (/home/dave/coast/CoastalME/cme+0xb39b84) (BuildId: 97d2d8cd42157b9ef58d8bf687c85254bc09c5fe)

Direct leak of 192 byte(s) in 8 object(s) allocated from:
    #0 0x79fec852a6cf in realloc ../../../../src/libsanitizer/asan/asan_malloc_linux.cpp:81
    #1 0x79fec663bdce in VSIReallocVerbose (/usr/lib/x86_64-linux-gnu/libgdal.so.38+0x63bdce) (BuildId: 5024c91a394464fa10fa4e113b3e952de293b399)
    #2 0x79fec663dee4 in CSLAddStringMayFail (/usr/lib/x86_64-linux-gnu/libgdal.so.38+0x63dee4) (BuildId: 5024c91a394464fa10fa4e113b3e952de293b399)
    #3 0x79fec663df64 in CSLAddString (/usr/lib/x86_64-linux-gnu/libgdal.so.38+0x63df64) (BuildId: 5024c91a394464fa10fa4e113b3e952de293b399)
    #4 0x5979ff2b0cd9 in CSimulation::bWriteRasterGISFile(int, std::__cxx11::basic_string<char, std::char_traits<char>, std::allocator<char> > const*, int, double, std::__cxx11::basic_string<char, std::char_traits<char>, std::allocator<char> >) /home/dave/coast/CoastalME/src/gis_raster.cpp:2085
    #5 0x5979ff2d25ae in CSimulation::bSaveAllRasterGISFiles() /home/dave/coast/CoastalME/src/gis_utils.cpp:1296
    #6 0x5979ff470442 in CSimulation::nDoSimulation(int, char const**) /home/dave/coast/CoastalME/src/simulation.cpp:1316
    #7 0x5979ff109b6d in main /home/dave/coast/CoastalME/src/cme.cpp:45
    #8 0x79fec502a600 in __libc_start_call_main ../sysdeps/nptl/libc_start_call_main.h:59
    #9 0x79fec502a717 in __libc_start_main_impl ../csu/libc-start.c:360
    #10 0x5979fefc7b84 in _start (/home/dave/coast/CoastalME/cme+0xb39b84) (BuildId: 97d2d8cd42157b9ef58d8bf687c85254bc09c5fe)

Direct leak of 192 byte(s) in 8 object(s) allocated from:
    #0 0x79fec852a6cf in realloc ../../../../src/libsanitizer/asan/asan_malloc_linux.cpp:81
    #1 0x79fec663bdce in VSIReallocVerbose (/usr/lib/x86_64-linux-gnu/libgdal.so.38+0x63bdce) (BuildId: 5024c91a394464fa10fa4e113b3e952de293b399)
    #2 0x79fec663dee4 in CSLAddStringMayFail (/usr/lib/x86_64-linux-gnu/libgdal.so.38+0x63dee4) (BuildId: 5024c91a394464fa10fa4e113b3e952de293b399)
    #3 0x79fec663df64 in CSLAddString (/usr/lib/x86_64-linux-gnu/libgdal.so.38+0x63df64) (BuildId: 5024c91a394464fa10fa4e113b3e952de293b399)
    #4 0x5979ff2b0c9a in CSimulation::bWriteRasterGISFile(int, std::__cxx11::basic_string<char, std::char_traits<char>, std::allocator<char> > const*, int, double, std::__cxx11::basic_string<char, std::char_traits<char>, std::allocator<char> >) /home/dave/coast/CoastalME/src/gis_raster.cpp:2075
    #5 0x5979ff2d2023 in CSimulation::bSaveAllRasterGISFiles() /home/dave/coast/CoastalME/src/gis_utils.cpp:1263
    #6 0x5979ff470442 in CSimulation::nDoSimulation(int, char const**) /home/dave/coast/CoastalME/src/simulation.cpp:1316
    #7 0x5979ff109b6d in main /home/dave/coast/CoastalME/src/cme.cpp:45
    #8 0x79fec502a600 in __libc_start_call_main ../sysdeps/nptl/libc_start_call_main.h:59
    #9 0x79fec502a717 in __libc_start_main_impl ../csu/libc-start.c:360
    #10 0x5979fefc7b84 in _start (/home/dave/coast/CoastalME/cme+0xb39b84) (BuildId: 97d2d8cd42157b9ef58d8bf687c85254bc09c5fe)

Direct leak of 192 byte(s) in 8 object(s) allocated from:
    #0 0x79fec852a6cf in realloc ../../../../src/libsanitizer/asan/asan_malloc_linux.cpp:81
    #1 0x79fec663bdce in VSIReallocVerbose (/usr/lib/x86_64-linux-gnu/libgdal.so.38+0x63bdce) (BuildId: 5024c91a394464fa10fa4e113b3e952de293b399)
    #2 0x79fec663dee4 in CSLAddStringMayFail (/usr/lib/x86_64-linux-gnu/libgdal.so.38+0x63dee4) (BuildId: 5024c91a394464fa10fa4e113b3e952de293b399)
    #3 0x79fec663df64 in CSLAddString (/usr/lib/x86_64-linux-gnu/libgdal.so.38+0x63df64) (BuildId: 5024c91a394464fa10fa4e113b3e952de293b399)
    #4 0x5979ff2b0c72 in CSimulation::bWriteRasterGISFile(int, std::__cxx11::basic_string<char, std::char_traits<char>, std::allocator<char> > const*, int, double, std::__cxx11::basic_string<char, std::char_traits<char>, std::allocator<char> >) /home/dave/coast/CoastalME/src/gis_raster.cpp:2070
    #5 0x5979ff2d12c6 in CSimulation::bSaveAllRasterGISFiles() /home/dave/coast/CoastalME/src/gis_utils.cpp:1169
    #6 0x5979ff470442 in CSimulation::nDoSimulation(int, char const**) /home/dave/coast/CoastalME/src/simulation.cpp:1316
    #7 0x5979ff109b6d in main /home/dave/coast/CoastalME/src/cme.cpp:45
    #8 0x79fec502a600 in __libc_start_call_main ../sysdeps/nptl/libc_start_call_main.h:59
    #9 0x79fec502a717 in __libc_start_main_impl ../csu/libc-start.c:360
    #10 0x5979fefc7b84 in _start (/home/dave/coast/CoastalME/cme+0xb39b84) (BuildId: 97d2d8cd42157b9ef58d8bf687c85254bc09c5fe)

Direct leak of 192 byte(s) in 8 object(s) allocated from:
    #0 0x79fec852a6cf in realloc ../../../../src/libsanitizer/asan/asan_malloc_linux.cpp:81
    #1 0x79fec663bdce in VSIReallocVerbose (/usr/lib/x86_64-linux-gnu/libgdal.so.38+0x63bdce) (BuildId: 5024c91a394464fa10fa4e113b3e952de293b399)
    #2 0x79fec663dee4 in CSLAddStringMayFail (/usr/lib/x86_64-linux-gnu/libgdal.so.38+0x63dee4) (BuildId: 5024c91a394464fa10fa4e113b3e952de293b399)
    #3 0x79fec663df64 in CSLAddString (/usr/lib/x86_64-linux-gnu/libgdal.so.38+0x63df64) (BuildId: 5024c91a394464fa10fa4e113b3e952de293b399)
    #4 0x5979ff2b0c33 in CSimulation::bWriteRasterGISFile(int, std::__cxx11::basic_string<char, std::char_traits<char>, std::allocator<char> > const*, int, double, std::__cxx11::basic_string<char, std::char_traits<char>, std::allocator<char> >) /home/dave/coast/CoastalME/src/gis_raster.cpp:2060
    #5 0x5979ff2d10dc in CSimulation::bSaveAllRasterGISFiles() /home/dave/coast/CoastalME/src/gis_utils.cpp:1157
    #6 0x5979ff470442 in CSimulation::nDoSimulation(int, char const**) /home/dave/coast/CoastalME/src/simulation.cpp:1316
    #7 0x5979ff109b6d in main /home/dave/coast/CoastalME/src/cme.cpp:45
    #8 0x79fec502a600 in __libc_start_call_main ../sysdeps/nptl/libc_start_call_main.h:59
    #9 0x79fec502a717 in __libc_start_main_impl ../csu/libc-start.c:360
    #10 0x5979fefc7b84 in _start (/home/dave/coast/CoastalME/cme+0xb39b84) (BuildId: 97d2d8cd42157b9ef58d8bf687c85254bc09c5fe)

Direct leak of 192 byte(s) in 8 object(s) allocated from:
    #0 0x79fec852a6cf in realloc ../../../../src/libsanitizer/asan/asan_malloc_linux.cpp:81
    #1 0x79fec663bdce in VSIReallocVerbose (/usr/lib/x86_64-linux-gnu/libgdal.so.38+0x63bdce) (BuildId: 5024c91a394464fa10fa4e113b3e952de293b399)
    #2 0x79fec663dee4 in CSLAddStringMayFail (/usr/lib/x86_64-linux-gnu/libgdal.so.38+0x63dee4) (BuildId: 5024c91a394464fa10fa4e113b3e952de293b399)
    #3 0x79fec663df64 in CSLAddString (/usr/lib/x86_64-linux-gnu/libgdal.so.38+0x63df64) (BuildId: 5024c91a394464fa10fa4e113b3e952de293b399)
    #4 0x5979ff2b0c4a in CSimulation::bWriteRasterGISFile(int, std::__cxx11::basic_string<char, std::char_traits<char>, std::allocator<char> > const*, int, double, std::__cxx11::basic_string<char, std::char_traits<char>, std::allocator<char> >) /home/dave/coast/CoastalME/src/gis_raster.cpp:2065
    #5 0x5979ff2d11d1 in CSimulation::bSaveAllRasterGISFiles() /home/dave/coast/CoastalME/src/gis_utils.cpp:1163
    #6 0x5979ff470442 in CSimulation::nDoSimulation(int, char const**) /home/dave/coast/CoastalME/src/simulation.cpp:1316
    #7 0x5979ff109b6d in main /home/dave/coast/CoastalME/src/cme.cpp:45
    #8 0x79fec502a600 in __libc_start_call_main ../sysdeps/nptl/libc_start_call_main.h:59
    #9 0x79fec502a717 in __libc_start_main_impl ../csu/libc-start.c:360
    #10 0x5979fefc7b84 in _start (/home/dave/coast/CoastalME/cme+0xb39b84) (BuildId: 97d2d8cd42157b9ef58d8bf687c85254bc09c5fe)

Direct leak of 192 byte(s) in 8 object(s) allocated from:
    #0 0x79fec852a6cf in realloc ../../../../src/libsanitizer/asan/asan_malloc_linux.cpp:81
    #1 0x79fec663bdce in VSIReallocVerbose (/usr/lib/x86_64-linux-gnu/libgdal.so.38+0x63bdce) (BuildId: 5024c91a394464fa10fa4e113b3e952de293b399)
    #2 0x79fec663dee4 in CSLAddStringMayFail (/usr/lib/x86_64-linux-gnu/libgdal.so.38+0x63dee4) (BuildId: 5024c91a394464fa10fa4e113b3e952de293b399)
    #3 0x79fec663df64 in CSLAddString (/usr/lib/x86_64-linux-gnu/libgdal.so.38+0x63df64) (BuildId: 5024c91a394464fa10fa4e113b3e952de293b399)
    #4 0x5979ff2b0d01 in CSimulation::bWriteRasterGISFile(int, std::__cxx11::basic_string<char, std::char_traits<char>, std::allocator<char> > const*, int, double, std::__cxx11::basic_string<char, std::char_traits<char>, std::allocator<char> >) /home/dave/coast/CoastalME/src/gis_raster.cpp:2090
    #5 0x5979ff2d2982 in CSimulation::bSaveAllRasterGISFiles() /home/dave/coast/CoastalME/src/gis_utils.cpp:1320
    #6 0x5979ff470442 in CSimulation::nDoSimulation(int, char const**) /home/dave/coast/CoastalME/src/simulation.cpp:1316
    #7 0x5979ff109b6d in main /home/dave/coast/CoastalME/src/cme.cpp:45
    #8 0x79fec502a600 in __libc_start_call_main ../sysdeps/nptl/libc_start_call_main.h:59
    #9 0x79fec502a717 in __libc_start_main_impl ../csu/libc-start.c:360
    #10 0x5979fefc7b84 in _start (/home/dave/coast/CoastalME/cme+0xb39b84) (BuildId: 97d2d8cd42157b9ef58d8bf687c85254bc09c5fe)

Direct leak of 104 byte(s) in 1 object(s) allocated from:
    #0 0x79fec852a6cf in realloc ../../../../src/libsanitizer/asan/asan_malloc_linux.cpp:81
    #1 0x79fec663bdce in VSIReallocVerbose (/usr/lib/x86_64-linux-gnu/libgdal.so.38+0x63bdce) (BuildId: 5024c91a394464fa10fa4e113b3e952de293b399)
    #2 0x79fec663dee4 in CSLAddStringMayFail (/usr/lib/x86_64-linux-gnu/libgdal.so.38+0x63dee4) (BuildId: 5024c91a394464fa10fa4e113b3e952de293b399)
    #3 0x79fec663df64 in CSLAddString (/usr/lib/x86_64-linux-gnu/libgdal.so.38+0x63df64) (BuildId: 5024c91a394464fa10fa4e113b3e952de293b399)
    #4 0x5979ff2b0be5 in CSimulation::bWriteRasterGISFile(int, std::__cxx11::basic_string<char, std::char_traits<char>, std::allocator<char> > const*, int, double, std::__cxx11::basic_string<char, std::char_traits<char>, std::allocator<char> >) /home/dave/coast/CoastalME/src/gis_raster.cpp:2049
    #5 0x5979ff2cf02c in CSimulation::bSaveAllRasterGISFiles() /home/dave/coast/CoastalME/src/gis_utils.cpp:1072
    #6 0x5979ff4f721a in CSimulation::DoSimulationEnd(int) /home/dave/coast/CoastalME/src/utils.cpp:2391
    #7 0x5979ff109b85 in main /home/dave/coast/CoastalME/src/cme.cpp:46
    #8 0x79fec502a600 in __libc_start_call_main ../sysdeps/nptl/libc_start_call_main.h:59
    #9 0x79fec502a717 in __libc_start_main_impl ../csu/libc-start.c:360
    #10 0x5979fefc7b84 in _start (/home/dave/coast/CoastalME/cme+0xb39b84) (BuildId: 97d2d8cd42157b9ef58d8bf687c85254bc09c5fe)

Direct leak of 32 byte(s) in 1 object(s) allocated from:
    #0 0x79fec852a6cf in realloc ../../../../src/libsanitizer/asan/asan_malloc_linux.cpp:81
    #1 0x79fec663bdce in VSIReallocVerbose (/usr/lib/x86_64-linux-gnu/libgdal.so.38+0x63bdce) (BuildId: 5024c91a394464fa10fa4e113b3e952de293b399)
    #2 0x79fec663dee4 in CSLAddStringMayFail (/usr/lib/x86_64-linux-gnu/libgdal.so.38+0x63dee4) (BuildId: 5024c91a394464fa10fa4e113b3e952de293b399)
    #3 0x79fec663df64 in CSLAddString (/usr/lib/x86_64-linux-gnu/libgdal.so.38+0x63df64) (BuildId: 5024c91a394464fa10fa4e113b3e952de293b399)
    #4 0x79fec663e0b3 in CSLAddNameValue (/usr/lib/x86_64-linux-gnu/libgdal.so.38+0x63e0b3) (BuildId: 5024c91a394464fa10fa4e113b3e952de293b399)
    #5 0x5979ff2ca76a in CSimulation::SetRasterFileCreationDefaults() /home/dave/coast/CoastalME/src/gis_utils.cpp:1747
    #6 0x5979ff2c5eae in CSimulation::bCheckRasterGISOutputFormat() /home/dave/coast/CoastalME/src/gis_utils.cpp:801
    #7 0x5979ff469e37 in CSimulation::nDoSimulation(int, char const**) /home/dave/coast/CoastalME/src/simulation.cpp:604
    #8 0x5979ff109b6d in main /home/dave/coast/CoastalME/src/cme.cpp:45
    #9 0x79fec502a600 in __libc_start_call_main ../sysdeps/nptl/libc_start_call_main.h:59
    #10 0x79fec502a717 in __libc_start_main_impl ../csu/libc-start.c:360
    #11 0x5979fefc7b84 in _start (/home/dave/coast/CoastalME/cme+0xb39b84) (BuildId: 97d2d8cd42157b9ef58d8bf687c85254bc09c5fe)

Direct leak of 32 byte(s) in 1 object(s) allocated from:
    #0 0x79fec852a6cf in realloc ../../../../src/libsanitizer/asan/asan_malloc_linux.cpp:81
    #1 0x79fec663bdce in VSIReallocVerbose (/usr/lib/x86_64-linux-gnu/libgdal.so.38+0x63bdce) (BuildId: 5024c91a394464fa10fa4e113b3e952de293b399)
    #2 0x79fec663dee4 in CSLAddStringMayFail (/usr/lib/x86_64-linux-gnu/libgdal.so.38+0x63dee4) (BuildId: 5024c91a394464fa10fa4e113b3e952de293b399)
    #3 0x79fec663df64 in CSLAddString (/usr/lib/x86_64-linux-gnu/libgdal.so.38+0x63df64) (BuildId: 5024c91a394464fa10fa4e113b3e952de293b399)
    #4 0x5979ff2b0c1c in CSimulation::bWriteRasterGISFile(int, std::__cxx11::basic_string<char, std::char_traits<char>, std::allocator<char> > const*, int, double, std::__cxx11::basic_string<char, std::char_traits<char>, std::allocator<char> >) /home/dave/coast/CoastalME/src/gis_raster.cpp:2055
    #5 0x5979ff2d2302 in CSimulation::bSaveAllRasterGISFiles() /home/dave/coast/CoastalME/src/gis_utils.cpp:1281
    #6 0x5979ff4f721a in CSimulation::DoSimulationEnd(int) /home/dave/coast/CoastalME/src/utils.cpp:2391
    #7 0x5979ff109b85 in main /home/dave/coast/CoastalME/src/cme.cpp:46
    #8 0x79fec502a600 in __libc_start_call_main ../sysdeps/nptl/libc_start_call_main.h:59
    #9 0x79fec502a717 in __libc_start_main_impl ../csu/libc-start.c:360
    #10 0x5979fefc7b84 in _start (/home/dave/coast/CoastalME/cme+0xb39b84) (BuildId: 97d2d8cd42157b9ef58d8bf687c85254bc09c5fe)

Direct leak of 24 byte(s) in 1 object(s) allocated from:
    #0 0x79fec852a6cf in realloc ../../../../src/libsanitizer/asan/asan_malloc_linux.cpp:81
    #1 0x79fec663bdce in VSIReallocVerbose (/usr/lib/x86_64-linux-gnu/libgdal.so.38+0x63bdce) (BuildId: 5024c91a394464fa10fa4e113b3e952de293b399)
    #2 0x79fec663dee4 in CSLAddStringMayFail (/usr/lib/x86_64-linux-gnu/libgdal.so.38+0x63dee4) (BuildId: 5024c91a394464fa10fa4e113b3e952de293b399)
    #3 0x79fec663df64 in CSLAddString (/usr/lib/x86_64-linux-gnu/libgdal.so.38+0x63df64) (BuildId: 5024c91a394464fa10fa4e113b3e952de293b399)
    #4 0x5979ff2b0d01 in CSimulation::bWriteRasterGISFile(int, std::__cxx11::basic_string<char, std::char_traits<char>, std::allocator<char> > const*, int, double, std::__cxx11::basic_string<char, std::char_traits<char>, std::allocator<char> >) /home/dave/coast/CoastalME/src/gis_raster.cpp:2090
    #5 0x5979ff2d2982 in CSimulation::bSaveAllRasterGISFiles() /home/dave/coast/CoastalME/src/gis_utils.cpp:1320
    #6 0x5979ff4f721a in CSimulation::DoSimulationEnd(int) /home/dave/coast/CoastalME/src/utils.cpp:2391
    #7 0x5979ff109b85 in main /home/dave/coast/CoastalME/src/cme.cpp:46
    #8 0x79fec502a600 in __libc_start_call_main ../sysdeps/nptl/libc_start_call_main.h:59
    #9 0x79fec502a717 in __libc_start_main_impl ../csu/libc-start.c:360
    #10 0x5979fefc7b84 in _start (/home/dave/coast/CoastalME/cme+0xb39b84) (BuildId: 97d2d8cd42157b9ef58d8bf687c85254bc09c5fe)

Direct leak of 24 byte(s) in 1 object(s) allocated from:
    #0 0x79fec852a6cf in realloc ../../../../src/libsanitizer/asan/asan_malloc_linux.cpp:81
    #1 0x79fec663bdce in VSIReallocVerbose (/usr/lib/x86_64-linux-gnu/libgdal.so.38+0x63bdce) (BuildId: 5024c91a394464fa10fa4e113b3e952de293b399)
    #2 0x79fec663dee4 in CSLAddStringMayFail (/usr/lib/x86_64-linux-gnu/libgdal.so.38+0x63dee4) (BuildId: 5024c91a394464fa10fa4e113b3e952de293b399)
    #3 0x79fec663df64 in CSLAddString (/usr/lib/x86_64-linux-gnu/libgdal.so.38+0x63df64) (BuildId: 5024c91a394464fa10fa4e113b3e952de293b399)
    #4 0x5979ff2b0c4a in CSimulation::bWriteRasterGISFile(int, std::__cxx11::basic_string<char, std::char_traits<char>, std::allocator<char> > const*, int, double, std::__cxx11::basic_string<char, std::char_traits<char>, std::allocator<char> >) /home/dave/coast/CoastalME/src/gis_raster.cpp:2065
    #5 0x5979ff2d11d1 in CSimulation::bSaveAllRasterGISFiles() /home/dave/coast/CoastalME/src/gis_utils.cpp:1163
    #6 0x5979ff4f721a in CSimulation::DoSimulationEnd(int) /home/dave/coast/CoastalME/src/utils.cpp:2391
    #7 0x5979ff109b85 in main /home/dave/coast/CoastalME/src/cme.cpp:46
    #8 0x79fec502a600 in __libc_start_call_main ../sysdeps/nptl/libc_start_call_main.h:59
    #9 0x79fec502a717 in __libc_start_main_impl ../csu/libc-start.c:360
    #10 0x5979fefc7b84 in _start (/home/dave/coast/CoastalME/cme+0xb39b84) (BuildId: 97d2d8cd42157b9ef58d8bf687c85254bc09c5fe)

Direct leak of 24 byte(s) in 1 object(s) allocated from:
    #0 0x79fec852a6cf in realloc ../../../../src/libsanitizer/asan/asan_malloc_linux.cpp:81
    #1 0x79fec663bdce in VSIReallocVerbose (/usr/lib/x86_64-linux-gnu/libgdal.so.38+0x63bdce) (BuildId: 5024c91a394464fa10fa4e113b3e952de293b399)
    #2 0x79fec663dee4 in CSLAddStringMayFail (/usr/lib/x86_64-linux-gnu/libgdal.so.38+0x63dee4) (BuildId: 5024c91a394464fa10fa4e113b3e952de293b399)
    #3 0x79fec663df64 in CSLAddString (/usr/lib/x86_64-linux-gnu/libgdal.so.38+0x63df64) (BuildId: 5024c91a394464fa10fa4e113b3e952de293b399)
    #4 0x5979ff2b0c33 in CSimulation::bWriteRasterGISFile(int, std::__cxx11::basic_string<char, std::char_traits<char>, std::allocator<char> > const*, int, double, std::__cxx11::basic_string<char, std::char_traits<char>, std::allocator<char> >) /home/dave/coast/CoastalME/src/gis_raster.cpp:2060
    #5 0x5979ff2d10dc in CSimulation::bSaveAllRasterGISFiles() /home/dave/coast/CoastalME/src/gis_utils.cpp:1157
    #6 0x5979ff4f721a in CSimulation::DoSimulationEnd(int) /home/dave/coast/CoastalME/src/utils.cpp:2391
    #7 0x5979ff109b85 in main /home/dave/coast/CoastalME/src/cme.cpp:46
    #8 0x79fec502a600 in __libc_start_call_main ../sysdeps/nptl/libc_start_call_main.h:59
    #9 0x79fec502a717 in __libc_start_main_impl ../csu/libc-start.c:360
    #10 0x5979fefc7b84 in _start (/home/dave/coast/CoastalME/cme+0xb39b84) (BuildId: 97d2d8cd42157b9ef58d8bf687c85254bc09c5fe)

Direct leak of 24 byte(s) in 1 object(s) allocated from:
    #0 0x79fec852a6cf in realloc ../../../../src/libsanitizer/asan/asan_malloc_linux.cpp:81
    #1 0x79fec663bdce in VSIReallocVerbose (/usr/lib/x86_64-linux-gnu/libgdal.so.38+0x63bdce) (BuildId: 5024c91a394464fa10fa4e113b3e952de293b399)
    #2 0x79fec663dee4 in CSLAddStringMayFail (/usr/lib/x86_64-linux-gnu/libgdal.so.38+0x63dee4) (BuildId: 5024c91a394464fa10fa4e113b3e952de293b399)
    #3 0x79fec663df64 in CSLAddString (/usr/lib/x86_64-linux-gnu/libgdal.so.38+0x63df64) (BuildId: 5024c91a394464fa10fa4e113b3e952de293b399)
    #4 0x5979ff2b0c72 in CSimulation::bWriteRasterGISFile(int, std::__cxx11::basic_string<char, std::char_traits<char>, std::allocator<char> > const*, int, double, std::__cxx11::basic_string<char, std::char_traits<char>, std::allocator<char> >) /home/dave/coast/CoastalME/src/gis_raster.cpp:2070
    #5 0x5979ff2d12c6 in CSimulation::bSaveAllRasterGISFiles() /home/dave/coast/CoastalME/src/gis_utils.cpp:1169
    #6 0x5979ff4f721a in CSimulation::DoSimulationEnd(int) /home/dave/coast/CoastalME/src/utils.cpp:2391
    #7 0x5979ff109b85 in main /home/dave/coast/CoastalME/src/cme.cpp:46
    #8 0x79fec502a600 in __libc_start_call_main ../sysdeps/nptl/libc_start_call_main.h:59
    #9 0x79fec502a717 in __libc_start_main_impl ../csu/libc-start.c:360
    #10 0x5979fefc7b84 in _start (/home/dave/coast/CoastalME/cme+0xb39b84) (BuildId: 97d2d8cd42157b9ef58d8bf687c85254bc09c5fe)

Direct leak of 24 byte(s) in 1 object(s) allocated from:
    #0 0x79fec852a6cf in realloc ../../../../src/libsanitizer/asan/asan_malloc_linux.cpp:81
    #1 0x79fec663bdce in VSIReallocVerbose (/usr/lib/x86_64-linux-gnu/libgdal.so.38+0x63bdce) (BuildId: 5024c91a394464fa10fa4e113b3e952de293b399)
    #2 0x79fec663dee4 in CSLAddStringMayFail (/usr/lib/x86_64-linux-gnu/libgdal.so.38+0x63dee4) (BuildId: 5024c91a394464fa10fa4e113b3e952de293b399)
    #3 0x79fec663df64 in CSLAddString (/usr/lib/x86_64-linux-gnu/libgdal.so.38+0x63df64) (BuildId: 5024c91a394464fa10fa4e113b3e952de293b399)
    #4 0x5979ff2b0c9a in CSimulation::bWriteRasterGISFile(int, std::__cxx11::basic_string<char, std::char_traits<char>, std::allocator<char> > const*, int, double, std::__cxx11::basic_string<char, std::char_traits<char>, std::allocator<char> >) /home/dave/coast/CoastalME/src/gis_raster.cpp:2075
    #5 0x5979ff2d2023 in CSimulation::bSaveAllRasterGISFiles() /home/dave/coast/CoastalME/src/gis_utils.cpp:1263
    #6 0x5979ff4f721a in CSimulation::DoSimulationEnd(int) /home/dave/coast/CoastalME/src/utils.cpp:2391
    #7 0x5979ff109b85 in main /home/dave/coast/CoastalME/src/cme.cpp:46
    #8 0x79fec502a600 in __libc_start_call_main ../sysdeps/nptl/libc_start_call_main.h:59
    #9 0x79fec502a717 in __libc_start_main_impl ../csu/libc-start.c:360
    #10 0x5979fefc7b84 in _start (/home/dave/coast/CoastalME/cme+0xb39b84) (BuildId: 97d2d8cd42157b9ef58d8bf687c85254bc09c5fe)

Direct leak of 24 byte(s) in 1 object(s) allocated from:
    #0 0x79fec852a6cf in realloc ../../../../src/libsanitizer/asan/asan_malloc_linux.cpp:81
    #1 0x79fec663bdce in VSIReallocVerbose (/usr/lib/x86_64-linux-gnu/libgdal.so.38+0x63bdce) (BuildId: 5024c91a394464fa10fa4e113b3e952de293b399)
    #2 0x79fec663dee4 in CSLAddStringMayFail (/usr/lib/x86_64-linux-gnu/libgdal.so.38+0x63dee4) (BuildId: 5024c91a394464fa10fa4e113b3e952de293b399)
    #3 0x79fec663df64 in CSLAddString (/usr/lib/x86_64-linux-gnu/libgdal.so.38+0x63df64) (BuildId: 5024c91a394464fa10fa4e113b3e952de293b399)
    #4 0x5979ff2b0cc2 in CSimulation::bWriteRasterGISFile(int, std::__cxx11::basic_string<char, std::char_traits<char>, std::allocator<char> > const*, int, double, std::__cxx11::basic_string<char, std::char_traits<char>, std::allocator<char> >) /home/dave/coast/CoastalME/src/gis_raster.cpp:2080
    #5 0x5979ff2d24ec in CSimulation::bSaveAllRasterGISFiles() /home/dave/coast/CoastalME/src/gis_utils.cpp:1293
    #6 0x5979ff4f721a in CSimulation::DoSimulationEnd(int) /home/dave/coast/CoastalME/src/utils.cpp:2391
    #7 0x5979ff109b85 in main /home/dave/coast/CoastalME/src/cme.cpp:46
    #8 0x79fec502a600 in __libc_start_call_main ../sysdeps/nptl/libc_start_call_main.h:59
    #9 0x79fec502a717 in __libc_start_main_impl ../csu/libc-start.c:360
    #10 0x5979fefc7b84 in _start (/home/dave/coast/CoastalME/cme+0xb39b84) (BuildId: 97d2d8cd42157b9ef58d8bf687c85254bc09c5fe)

Direct leak of 24 byte(s) in 1 object(s) allocated from:
    #0 0x79fec852a6cf in realloc ../../../../src/libsanitizer/asan/asan_malloc_linux.cpp:81
    #1 0x79fec663bdce in VSIReallocVerbose (/usr/lib/x86_64-linux-gnu/libgdal.so.38+0x63bdce) (BuildId: 5024c91a394464fa10fa4e113b3e952de293b399)
    #2 0x79fec663dee4 in CSLAddStringMayFail (/usr/lib/x86_64-linux-gnu/libgdal.so.38+0x63dee4) (BuildId: 5024c91a394464fa10fa4e113b3e952de293b399)
    #3 0x79fec663df64 in CSLAddString (/usr/lib/x86_64-linux-gnu/libgdal.so.38+0x63df64) (BuildId: 5024c91a394464fa10fa4e113b3e952de293b399)
    #4 0x5979ff2b0cd9 in CSimulation::bWriteRasterGISFile(int, std::__cxx11::basic_string<char, std::char_traits<char>, std::allocator<char> > const*, int, double, std::__cxx11::basic_string<char, std::char_traits<char>, std::allocator<char> >) /home/dave/coast/CoastalME/src/gis_raster.cpp:2085
    #5 0x5979ff2d25ae in CSimulation::bSaveAllRasterGISFiles() /home/dave/coast/CoastalME/src/gis_utils.cpp:1296
    #6 0x5979ff4f721a in CSimulation::DoSimulationEnd(int) /home/dave/coast/CoastalME/src/utils.cpp:2391
    #7 0x5979ff109b85 in main /home/dave/coast/CoastalME/src/cme.cpp:46
    #8 0x79fec502a600 in __libc_start_call_main ../sysdeps/nptl/libc_start_call_main.h:59
    #9 0x79fec502a717 in __libc_start_main_impl ../csu/libc-start.c:360
    #10 0x5979fefc7b84 in _start (/home/dave/coast/CoastalME/cme+0xb39b84) (BuildId: 97d2d8cd42157b9ef58d8bf687c85254bc09c5fe)

Indirect leak of 297248 byte(s) in 5308 object(s) allocated from:
    #0 0x79fec852ca4f in operator new(unsigned long, std::nothrow_t const&) ../../../../src/libsanitizer/asan/asan_new_delete.cpp:114
    #1 0x79fec68760de in OGRPoint::clone() const (/usr/lib/x86_64-linux-gnu/libgdal.so.38+0x8760de) (BuildId: 5024c91a394464fa10fa4e113b3e952de293b399)
    #2 0x79fec6895339 in OGRFeature::SetGeomField(int, OGRGeometry const*) (/usr/lib/x86_64-linux-gnu/libgdal.so.38+0x895339) (BuildId: 5024c91a394464fa10fa4e113b3e952de293b399)
    #3 0x5979ff2ff392 in CSimulation::bWriteVectorGISFile(int, std::__cxx11::basic_string<char, std::char_traits<char>, std::allocator<char> > const*, std::__cxx11::basic_string<char, std::char_traits<char>, std::allocator<char> >) /home/dave/coast/CoastalME/src/gis_vector.cpp:1090
    #4 0x5979ff2d4b50 in CSimulation::bSaveAllVectorGISFiles() /home/dave/coast/CoastalME/src/gis_utils.cpp:1412
    #5 0x5979ff47047e in CSimulation::nDoSimulation(int, char const**) /home/dave/coast/CoastalME/src/simulation.cpp:1323
    #6 0x5979ff109b6d in main /home/dave/coast/CoastalME/src/cme.cpp:45
    #7 0x79fec502a600 in __libc_start_call_main ../sysdeps/nptl/libc_start_call_main.h:59
    #8 0x79fec502a717 in __libc_start_main_impl ../csu/libc-start.c:360
    #9 0x5979fefc7b84 in _start (/home/dave/coast/CoastalME/cme+0xb39b84) (BuildId: 97d2d8cd42157b9ef58d8bf687c85254bc09c5fe)

Indirect leak of 84928 byte(s) in 5308 object(s) allocated from:
    #0 0x79fec852b60f in malloc ../../../../src/libsanitizer/asan/asan_malloc_linux.cpp:67
    #1 0x79fec663bece in VSIMallocVerbose (/usr/lib/x86_64-linux-gnu/libgdal.so.38+0x63bece) (BuildId: 5024c91a394464fa10fa4e113b3e952de293b399)
    #2 0x79fec68aa5ab in OGRFeature::OGRFeature(OGRFeatureDefn const*) (/usr/lib/x86_64-linux-gnu/libgdal.so.38+0x8aa5ab) (BuildId: 5024c91a394464fa10fa4e113b3e952de293b399)
    #3 0x79fec68aa8f1 in OGRFeature::CreateFeature(OGRFeatureDefn const*) (/usr/lib/x86_64-linux-gnu/libgdal.so.38+0x8aa8f1) (BuildId: 5024c91a394464fa10fa4e113b3e952de293b399)
    #4 0x5979ff2feedd in CSimulation::bWriteVectorGISFile(int, std::__cxx11::basic_string<char, std::char_traits<char>, std::allocator<char> > const*, std::__cxx11::basic_string<char, std::char_traits<char>, std::allocator<char> >) /home/dave/coast/CoastalME/src/gis_vector.cpp:1085
    #5 0x5979ff2d4b50 in CSimulation::bSaveAllVectorGISFiles() /home/dave/coast/CoastalME/src/gis_utils.cpp:1412
    #6 0x5979ff47047e in CSimulation::nDoSimulation(int, char const**) /home/dave/coast/CoastalME/src/simulation.cpp:1323
    #7 0x5979ff109b6d in main /home/dave/coast/CoastalME/src/cme.cpp:45
    #8 0x79fec502a600 in __libc_start_call_main ../sysdeps/nptl/libc_start_call_main.h:59
    #9 0x79fec502a717 in __libc_start_main_impl ../csu/libc-start.c:360
    #10 0x5979fefc7b84 in _start (/home/dave/coast/CoastalME/cme+0xb39b84) (BuildId: 97d2d8cd42157b9ef58d8bf687c85254bc09c5fe)

Indirect leak of 42464 byte(s) in 5308 object(s) allocated from:
    #0 0x79fec852b40f in calloc ../../../../src/libsanitizer/asan/asan_malloc_linux.cpp:74
    #1 0x79fec663d5b3 in VSICallocVerbose (/usr/lib/x86_64-linux-gnu/libgdal.so.38+0x63d5b3) (BuildId: 5024c91a394464fa10fa4e113b3e952de293b399)
    #2 0x79fec68aa5d2 in OGRFeature::OGRFeature(OGRFeatureDefn const*) (/usr/lib/x86_64-linux-gnu/libgdal.so.38+0x8aa5d2) (BuildId: 5024c91a394464fa10fa4e113b3e952de293b399)
    #3 0x79fec68aa8f1 in OGRFeature::CreateFeature(OGRFeatureDefn const*) (/usr/lib/x86_64-linux-gnu/libgdal.so.38+0x8aa8f1) (BuildId: 5024c91a394464fa10fa4e113b3e952de293b399)
    #4 0x5979ff2feedd in CSimulation::bWriteVectorGISFile(int, std::__cxx11::basic_string<char, std::char_traits<char>, std::allocator<char> > const*, std::__cxx11::basic_string<char, std::char_traits<char>, std::allocator<char> >) /home/dave/coast/CoastalME/src/gis_vector.cpp:1085
    #5 0x5979ff2d4b50 in CSimulation::bSaveAllVectorGISFiles() /home/dave/coast/CoastalME/src/gis_utils.cpp:1412
    #6 0x5979ff47047e in CSimulation::nDoSimulation(int, char const**) /home/dave/coast/CoastalME/src/simulation.cpp:1323
    #7 0x5979ff109b6d in main /home/dave/coast/CoastalME/src/cme.cpp:45
    #8 0x79fec502a600 in __libc_start_call_main ../sysdeps/nptl/libc_start_call_main.h:59
    #9 0x79fec502a717 in __libc_start_main_impl ../csu/libc-start.c:360
    #10 0x5979fefc7b84 in _start (/home/dave/coast/CoastalME/cme+0xb39b84) (BuildId: 97d2d8cd42157b9ef58d8bf687c85254bc09c5fe)

Indirect leak of 4352 byte(s) in 8 object(s) allocated from:
    #0 0x79fec852c73f in operator new(unsigned long) ../../../../src/libsanitizer/asan/asan_new_delete.cpp:109
    #1 0x79fec68cf4be in OGRSpatialReference::OGRSpatialReference(char const*) (/usr/lib/x86_64-linux-gnu/libgdal.so.38+0x8cf4be) (BuildId: 5024c91a394464fa10fa4e113b3e952de293b399)
    #2 0x79fec68cf53c in OGRSpatialReference::Clone() const (/usr/lib/x86_64-linux-gnu/libgdal.so.38+0x8cf53c) (BuildId: 5024c91a394464fa10fa4e113b3e952de293b399)
    #3 0x79fec72cf580  (/usr/lib/x86_64-linux-gnu/libgdal.so.38+0x12cf580) (BuildId: 5024c91a394464fa10fa4e113b3e952de293b399)
    #4 0x79fec72d9a46  (/usr/lib/x86_64-linux-gnu/libgdal.so.38+0x12d9a46) (BuildId: 5024c91a394464fa10fa4e113b3e952de293b399)
    #5 0x79fec78c01a2 in GDALDataset::CreateLayer(char const*, OGRGeomFieldDefn const*, char const* const*) (/usr/lib/x86_64-linux-gnu/libgdal.so.38+0x18c01a2) (BuildId: 5024c91a394464fa10fa4e113b3e952de293b399)
    #6 0x79fec78c02f8 in GDALDataset::CreateLayer(char const*, OGRSpatialReference const*, OGRwkbGeometryType, char const* const*) (/usr/lib/x86_64-linux-gnu/libgdal.so.38+0x18c02f8) (BuildId: 5024c91a394464fa10fa4e113b3e952de293b399)
    #7 0x5979ff2f03c2 in CSimulation::bWriteVectorGISFile(int, std::__cxx11::basic_string<char, std::char_traits<char>, std::allocator<char> > const*, std::__cxx11::basic_string<char, std::char_traits<char>, std::allocator<char> >) /home/dave/coast/CoastalME/src/gis_vector.cpp:665
    #8 0x5979ff2d4b50 in CSimulation::bSaveAllVectorGISFiles() /home/dave/coast/CoastalME/src/gis_utils.cpp:1412
    #9 0x5979ff47047e in CSimulation::nDoSimulation(int, char const**) /home/dave/coast/CoastalME/src/simulation.cpp:1323
    #10 0x5979ff109b6d in main /home/dave/coast/CoastalME/src/cme.cpp:45
    #11 0x79fec502a600 in __libc_start_call_main ../sysdeps/nptl/libc_start_call_main.h:59
    #12 0x79fec502a717 in __libc_start_main_impl ../csu/libc-start.c:360
    #13 0x5979fefc7b84 in _start (/home/dave/coast/CoastalME/cme+0xb39b84) (BuildId: 97d2d8cd42157b9ef58d8bf687c85254bc09c5fe)

Indirect leak of 1536 byte(s) in 8 object(s) allocated from:
    #0 0x79fec852c73f in operator new(unsigned long) ../../../../src/libsanitizer/asan/asan_new_delete.cpp:109
    #1 0x79fec72cf5a2  (/usr/lib/x86_64-linux-gnu/libgdal.so.38+0x12cf5a2) (BuildId: 5024c91a394464fa10fa4e113b3e952de293b399)
    #2 0x79fec72d9a46  (/usr/lib/x86_64-linux-gnu/libgdal.so.38+0x12d9a46) (BuildId: 5024c91a394464fa10fa4e113b3e952de293b399)
    #3 0x79fec78c01a2 in GDALDataset::CreateLayer(char const*, OGRGeomFieldDefn const*, char const* const*) (/usr/lib/x86_64-linux-gnu/libgdal.so.38+0x18c01a2) (BuildId: 5024c91a394464fa10fa4e113b3e952de293b399)
    #4 0x79fec78c02f8 in GDALDataset::CreateLayer(char const*, OGRSpatialReference const*, OGRwkbGeometryType, char const* const*) (/usr/lib/x86_64-linux-gnu/libgdal.so.38+0x18c02f8) (BuildId: 5024c91a394464fa10fa4e113b3e952de293b399)
    #5 0x5979ff2f03c2 in CSimulation::bWriteVectorGISFile(int, std::__cxx11::basic_string<char, std::char_traits<char>, std::allocator<char> > const*, std::__cxx11::basic_string<char, std::char_traits<char>, std::allocator<char> >) /home/dave/coast/CoastalME/src/gis_vector.cpp:665
    #6 0x5979ff2d4b50 in CSimulation::bSaveAllVectorGISFiles() /home/dave/coast/CoastalME/src/gis_utils.cpp:1412
    #7 0x5979ff47047e in CSimulation::nDoSimulation(int, char const**) /home/dave/coast/CoastalME/src/simulation.cpp:1323
    #8 0x5979ff109b6d in main /home/dave/coast/CoastalME/src/cme.cpp:45
    #9 0x79fec502a600 in __libc_start_call_main ../sysdeps/nptl/libc_start_call_main.h:59
    #10 0x79fec502a717 in __libc_start_main_impl ../csu/libc-start.c:360
    #11 0x5979fefc7b84 in _start (/home/dave/coast/CoastalME/cme+0xb39b84) (BuildId: 97d2d8cd42157b9ef58d8bf687c85254bc09c5fe)

Indirect leak of 1088 byte(s) in 8 object(s) allocated from:
    #0 0x79fec852c73f in operator new(unsigned long) ../../../../src/libsanitizer/asan/asan_new_delete.cpp:109
    #1 0x79fec68b8239 in OGRFeatureDefn::AddFieldDefn(OGRFieldDefn const*) (/usr/lib/x86_64-linux-gnu/libgdal.so.38+0x8b8239) (BuildId: 5024c91a394464fa10fa4e113b3e952de293b399)
    #2 0x79fec72dcfcf  (/usr/lib/x86_64-linux-gnu/libgdal.so.38+0x12dcfcf) (BuildId: 5024c91a394464fa10fa4e113b3e952de293b399)
    #3 0x5979ff2feacb in CSimulation::bWriteVectorGISFile(int, std::__cxx11::basic_string<char, std::char_traits<char>, std::allocator<char> > const*, std::__cxx11::basic_string<char, std::char_traits<char>, std::allocator<char> >) /home/dave/coast/CoastalME/src/gis_vector.cpp:1069
    #4 0x5979ff2d4b50 in CSimulation::bSaveAllVectorGISFiles() /home/dave/coast/CoastalME/src/gis_utils.cpp:1412
    #5 0x5979ff47047e in CSimulation::nDoSimulation(int, char const**) /home/dave/coast/CoastalME/src/simulation.cpp:1323
    #6 0x5979ff109b6d in main /home/dave/coast/CoastalME/src/cme.cpp:45
    #7 0x79fec502a600 in __libc_start_call_main ../sysdeps/nptl/libc_start_call_main.h:59
    #8 0x79fec502a717 in __libc_start_main_impl ../csu/libc-start.c:360
    #9 0x5979fefc7b84 in _start (/home/dave/coast/CoastalME/cme+0xb39b84) (BuildId: 97d2d8cd42157b9ef58d8bf687c85254bc09c5fe)

Indirect leak of 872 byte(s) in 8 object(s) allocated from:
    #0 0x79fec852c73f in operator new(unsigned long) ../../../../src/libsanitizer/asan/asan_new_delete.cpp:109
    #1 0x79fec6629a2e  (/usr/lib/x86_64-linux-gnu/libgdal.so.38+0x629a2e) (BuildId: 5024c91a394464fa10fa4e113b3e952de293b399)
    #2 0x79fec72cf973  (/usr/lib/x86_64-linux-gnu/libgdal.so.38+0x12cf973) (BuildId: 5024c91a394464fa10fa4e113b3e952de293b399)
    #3 0x79fec72d9a46  (/usr/lib/x86_64-linux-gnu/libgdal.so.38+0x12d9a46) (BuildId: 5024c91a394464fa10fa4e113b3e952de293b399)
    #4 0x79fec78c01a2 in GDALDataset::CreateLayer(char const*, OGRGeomFieldDefn const*, char const* const*) (/usr/lib/x86_64-linux-gnu/libgdal.so.38+0x18c01a2) (BuildId: 5024c91a394464fa10fa4e113b3e952de293b399)
    #5 0x79fec78c02f8 in GDALDataset::CreateLayer(char const*, OGRSpatialReference const*, OGRwkbGeometryType, char const* const*) (/usr/lib/x86_64-linux-gnu/libgdal.so.38+0x18c02f8) (BuildId: 5024c91a394464fa10fa4e113b3e952de293b399)
    #6 0x5979ff2f03c2 in CSimulation::bWriteVectorGISFile(int, std::__cxx11::basic_string<char, std::char_traits<char>, std::allocator<char> > const*, std::__cxx11::basic_string<char, std::char_traits<char>, std::allocator<char> >) /home/dave/coast/CoastalME/src/gis_vector.cpp:665
    #7 0x5979ff2d4b50 in CSimulation::bSaveAllVectorGISFiles() /home/dave/coast/CoastalME/src/gis_utils.cpp:1412
    #8 0x5979ff47047e in CSimulation::nDoSimulation(int, char const**) /home/dave/coast/CoastalME/src/simulation.cpp:1323
    #9 0x5979ff109b6d in main /home/dave/coast/CoastalME/src/cme.cpp:45
    #10 0x79fec502a600 in __libc_start_call_main ../sysdeps/nptl/libc_start_call_main.h:59
    #11 0x79fec502a717 in __libc_start_main_impl ../csu/libc-start.c:360
    #12 0x5979fefc7b84 in _start (/home/dave/coast/CoastalME/cme+0xb39b84) (BuildId: 97d2d8cd42157b9ef58d8bf687c85254bc09c5fe)

Indirect leak of 872 byte(s) in 8 object(s) allocated from:
    #0 0x79fec852c73f in operator new(unsigned long) ../../../../src/libsanitizer/asan/asan_new_delete.cpp:109
    #1 0x79fec662990f  (/usr/lib/x86_64-linux-gnu/libgdal.so.38+0x62990f) (BuildId: 5024c91a394464fa10fa4e113b3e952de293b399)
    #2 0x79fec72cf5f0  (/usr/lib/x86_64-linux-gnu/libgdal.so.38+0x12cf5f0) (BuildId: 5024c91a394464fa10fa4e113b3e952de293b399)
    #3 0x79fec72d9a46  (/usr/lib/x86_64-linux-gnu/libgdal.so.38+0x12d9a46) (BuildId: 5024c91a394464fa10fa4e113b3e952de293b399)
    #4 0x79fec78c01a2 in GDALDataset::CreateLayer(char const*, OGRGeomFieldDefn const*, char const* const*) (/usr/lib/x86_64-linux-gnu/libgdal.so.38+0x18c01a2) (BuildId: 5024c91a394464fa10fa4e113b3e952de293b399)
    #5 0x79fec78c02f8 in GDALDataset::CreateLayer(char const*, OGRSpatialReference const*, OGRwkbGeometryType, char const* const*) (/usr/lib/x86_64-linux-gnu/libgdal.so.38+0x18c02f8) (BuildId: 5024c91a394464fa10fa4e113b3e952de293b399)
    #6 0x5979ff2f03c2 in CSimulation::bWriteVectorGISFile(int, std::__cxx11::basic_string<char, std::char_traits<char>, std::allocator<char> > const*, std::__cxx11::basic_string<char, std::char_traits<char>, std::allocator<char> >) /home/dave/coast/CoastalME/src/gis_vector.cpp:665
    #7 0x5979ff2d4b50 in CSimulation::bSaveAllVectorGISFiles() /home/dave/coast/CoastalME/src/gis_utils.cpp:1412
    #8 0x5979ff47047e in CSimulation::nDoSimulation(int, char const**) /home/dave/coast/CoastalME/src/simulation.cpp:1323
    #9 0x5979ff109b6d in main /home/dave/coast/CoastalME/src/cme.cpp:45
    #10 0x79fec502a600 in __libc_start_call_main ../sysdeps/nptl/libc_start_call_main.h:59
    #11 0x79fec502a717 in __libc_start_main_impl ../csu/libc-start.c:360
    #12 0x5979fefc7b84 in _start (/home/dave/coast/CoastalME/cme+0xb39b84) (BuildId: 97d2d8cd42157b9ef58d8bf687c85254bc09c5fe)

Indirect leak of 640 byte(s) in 8 object(s) allocated from:
    #0 0x79fec852c73f in operator new(unsigned long) ../../../../src/libsanitizer/asan/asan_new_delete.cpp:109
    #1 0x79fec72cf257  (/usr/lib/x86_64-linux-gnu/libgdal.so.38+0x12cf257) (BuildId: 5024c91a394464fa10fa4e113b3e952de293b399)
    #2 0x79fec72d9a46  (/usr/lib/x86_64-linux-gnu/libgdal.so.38+0x12d9a46) (BuildId: 5024c91a394464fa10fa4e113b3e952de293b399)
    #3 0x79fec78c01a2 in GDALDataset::CreateLayer(char const*, OGRGeomFieldDefn const*, char const* const*) (/usr/lib/x86_64-linux-gnu/libgdal.so.38+0x18c01a2) (BuildId: 5024c91a394464fa10fa4e113b3e952de293b399)
    #4 0x79fec78c02f8 in GDALDataset::CreateLayer(char const*, OGRSpatialReference const*, OGRwkbGeometryType, char const* const*) (/usr/lib/x86_64-linux-gnu/libgdal.so.38+0x18c02f8) (BuildId: 5024c91a394464fa10fa4e113b3e952de293b399)
    #5 0x5979ff2f03c2 in CSimulation::bWriteVectorGISFile(int, std::__cxx11::basic_string<char, std::char_traits<char>, std::allocator<char> > const*, std::__cxx11::basic_string<char, std::char_traits<char>, std::allocator<char> >) /home/dave/coast/CoastalME/src/gis_vector.cpp:665
    #6 0x5979ff2d4b50 in CSimulation::bSaveAllVectorGISFiles() /home/dave/coast/CoastalME/src/gis_utils.cpp:1412
    #7 0x5979ff47047e in CSimulation::nDoSimulation(int, char const**) /home/dave/coast/CoastalME/src/simulation.cpp:1323
    #8 0x5979ff109b6d in main /home/dave/coast/CoastalME/src/cme.cpp:45
    #9 0x79fec502a600 in __libc_start_call_main ../sysdeps/nptl/libc_start_call_main.h:59
    #10 0x79fec502a717 in __libc_start_main_impl ../csu/libc-start.c:360
    #11 0x5979fefc7b84 in _start (/home/dave/coast/CoastalME/cme+0xb39b84) (BuildId: 97d2d8cd42157b9ef58d8bf687c85254bc09c5fe)

Indirect leak of 368 byte(s) in 8 object(s) allocated from:
    #0 0x79fec852b60f in malloc ../../../../src/libsanitizer/asan/asan_malloc_linux.cpp:67
    #1 0x79fec6635efe in VSIStrdup (/usr/lib/x86_64-linux-gnu/libgdal.so.38+0x635efe) (BuildId: 5024c91a394464fa10fa4e113b3e952de293b399)
    #2 0x79fec663de0e in VSIStrdupVerbose (/usr/lib/x86_64-linux-gnu/libgdal.so.38+0x63de0e) (BuildId: 5024c91a394464fa10fa4e113b3e952de293b399)
    #3 0x79fec663deaa in CSLAddStringMayFail (/usr/lib/x86_64-linux-gnu/libgdal.so.38+0x63deaa) (BuildId: 5024c91a394464fa10fa4e113b3e952de293b399)
    #4 0x79fec663df64 in CSLAddString (/usr/lib/x86_64-linux-gnu/libgdal.so.38+0x63df64) (BuildId: 5024c91a394464fa10fa4e113b3e952de293b399)
    #5 0x5979ff2b0d01 in CSimulation::bWriteRasterGISFile(int, std::__cxx11::basic_string<char, std::char_traits<char>, std::allocator<char> > const*, int, double, std::__cxx11::basic_string<char, std::char_traits<char>, std::allocator<char> >) /home/dave/coast/CoastalME/src/gis_raster.cpp:2090
    #6 0x5979ff2d2982 in CSimulation::bSaveAllRasterGISFiles() /home/dave/coast/CoastalME/src/gis_utils.cpp:1320
    #7 0x5979ff470442 in CSimulation::nDoSimulation(int, char const**) /home/dave/coast/CoastalME/src/simulation.cpp:1316
    #8 0x5979ff109b6d in main /home/dave/coast/CoastalME/src/cme.cpp:45
    #9 0x79fec502a600 in __libc_start_call_main ../sysdeps/nptl/libc_start_call_main.h:59
    #10 0x79fec502a717 in __libc_start_main_impl ../csu/libc-start.c:360
    #11 0x5979fefc7b84 in _start (/home/dave/coast/CoastalME/cme+0xb39b84) (BuildId: 97d2d8cd42157b9ef58d8bf687c85254bc09c5fe)

Indirect leak of 360 byte(s) in 8 object(s) allocated from:
    #0 0x79fec852b60f in malloc ../../../../src/libsanitizer/asan/asan_malloc_linux.cpp:67
    #1 0x79fec6635efe in VSIStrdup (/usr/lib/x86_64-linux-gnu/libgdal.so.38+0x635efe) (BuildId: 5024c91a394464fa10fa4e113b3e952de293b399)
    #2 0x79fec663de0e in VSIStrdupVerbose (/usr/lib/x86_64-linux-gnu/libgdal.so.38+0x63de0e) (BuildId: 5024c91a394464fa10fa4e113b3e952de293b399)
    #3 0x79fec663deaa in CSLAddStringMayFail (/usr/lib/x86_64-linux-gnu/libgdal.so.38+0x63deaa) (BuildId: 5024c91a394464fa10fa4e113b3e952de293b399)
    #4 0x79fec663df64 in CSLAddString (/usr/lib/x86_64-linux-gnu/libgdal.so.38+0x63df64) (BuildId: 5024c91a394464fa10fa4e113b3e952de293b399)
    #5 0x5979ff2b0cf2 in CSimulation::bWriteRasterGISFile(int, std::__cxx11::basic_string<char, std::char_traits<char>, std::allocator<char> > const*, int, double, std::__cxx11::basic_string<char, std::char_traits<char>, std::allocator<char> >) /home/dave/coast/CoastalME/src/gis_raster.cpp:2089
    #6 0x5979ff2d2982 in CSimulation::bSaveAllRasterGISFiles() /home/dave/coast/CoastalME/src/gis_utils.cpp:1320
    #7 0x5979ff470442 in CSimulation::nDoSimulation(int, char const**) /home/dave/coast/CoastalME/src/simulation.cpp:1316
    #8 0x5979ff109b6d in main /home/dave/coast/CoastalME/src/cme.cpp:45
    #9 0x79fec502a600 in __libc_start_call_main ../sysdeps/nptl/libc_start_call_main.h:59
    #10 0x79fec502a717 in __libc_start_main_impl ../csu/libc-start.c:360
    #11 0x5979fefc7b84 in _start (/home/dave/coast/CoastalME/cme+0xb39b84) (BuildId: 97d2d8cd42157b9ef58d8bf687c85254bc09c5fe)

Indirect leak of 232 byte(s) in 8 object(s) allocated from:
    #0 0x79fec852b60f in malloc ../../../../src/libsanitizer/asan/asan_malloc_linux.cpp:67
    #1 0x79fec6635efe in VSIStrdup (/usr/lib/x86_64-linux-gnu/libgdal.so.38+0x635efe) (BuildId: 5024c91a394464fa10fa4e113b3e952de293b399)
    #2 0x79fec663de0e in VSIStrdupVerbose (/usr/lib/x86_64-linux-gnu/libgdal.so.38+0x63de0e) (BuildId: 5024c91a394464fa10fa4e113b3e952de293b399)
    #3 0x79fec663deaa in CSLAddStringMayFail (/usr/lib/x86_64-linux-gnu/libgdal.so.38+0x63deaa) (BuildId: 5024c91a394464fa10fa4e113b3e952de293b399)
    #4 0x79fec663df64 in CSLAddString (/usr/lib/x86_64-linux-gnu/libgdal.so.38+0x63df64) (BuildId: 5024c91a394464fa10fa4e113b3e952de293b399)
    #5 0x5979ff2b0a5a in CSimulation::bWriteRasterGISFile(int, std::__cxx11::basic_string<char, std::char_traits<char>, std::allocator<char> > const*, int, double, std::__cxx11::basic_string<char, std::char_traits<char>, std::allocator<char> >) /home/dave/coast/CoastalME/src/gis_raster.cpp:2084
    #6 0x5979ff2d25ae in CSimulation::bSaveAllRasterGISFiles() /home/dave/coast/CoastalME/src/gis_utils.cpp:1296
    #7 0x5979ff470442 in CSimulation::nDoSimulation(int, char const**) /home/dave/coast/CoastalME/src/simulation.cpp:1316
    #8 0x5979ff109b6d in main /home/dave/coast/CoastalME/src/cme.cpp:45
    #9 0x79fec502a600 in __libc_start_call_main ../sysdeps/nptl/libc_start_call_main.h:59
    #10 0x79fec502a717 in __libc_start_main_impl ../csu/libc-start.c:360
    #11 0x5979fefc7b84 in _start (/home/dave/coast/CoastalME/cme+0xb39b84) (BuildId: 97d2d8cd42157b9ef58d8bf687c85254bc09c5fe)

Indirect leak of 232 byte(s) in 8 object(s) allocated from:
    #0 0x79fec852b60f in malloc ../../../../src/libsanitizer/asan/asan_malloc_linux.cpp:67
    #1 0x79fec6635efe in VSIStrdup (/usr/lib/x86_64-linux-gnu/libgdal.so.38+0x635efe) (BuildId: 5024c91a394464fa10fa4e113b3e952de293b399)
    #2 0x79fec663de0e in VSIStrdupVerbose (/usr/lib/x86_64-linux-gnu/libgdal.so.38+0x63de0e) (BuildId: 5024c91a394464fa10fa4e113b3e952de293b399)
    #3 0x79fec663deaa in CSLAddStringMayFail (/usr/lib/x86_64-linux-gnu/libgdal.so.38+0x63deaa) (BuildId: 5024c91a394464fa10fa4e113b3e952de293b399)
    #4 0x79fec663df64 in CSLAddString (/usr/lib/x86_64-linux-gnu/libgdal.so.38+0x63df64) (BuildId: 5024c91a394464fa10fa4e113b3e952de293b399)
    #5 0x5979ff2b0a1d in CSimulation::bWriteRasterGISFile(int, std::__cxx11::basic_string<char, std::char_traits<char>, std::allocator<char> > const*, int, double, std::__cxx11::basic_string<char, std::char_traits<char>, std::allocator<char> >) /home/dave/coast/CoastalME/src/gis_raster.cpp:2064
    #6 0x5979ff2d11d1 in CSimulation::bSaveAllRasterGISFiles() /home/dave/coast/CoastalME/src/gis_utils.cpp:1163
    #7 0x5979ff470442 in CSimulation::nDoSimulation(int, char const**) /home/dave/coast/CoastalME/src/simulation.cpp:1316
    #8 0x5979ff109b6d in main /home/dave/coast/CoastalME/src/cme.cpp:45
    #9 0x79fec502a600 in __libc_start_call_main ../sysdeps/nptl/libc_start_call_main.h:59
    #10 0x79fec502a717 in __libc_start_main_impl ../csu/libc-start.c:360
    #11 0x5979fefc7b84 in _start (/home/dave/coast/CoastalME/cme+0xb39b84) (BuildId: 97d2d8cd42157b9ef58d8bf687c85254bc09c5fe)

Indirect leak of 200 byte(s) in 8 object(s) allocated from:
    #0 0x79fec852b60f in malloc ../../../../src/libsanitizer/asan/asan_malloc_linux.cpp:67
    #1 0x79fec6635efe in VSIStrdup (/usr/lib/x86_64-linux-gnu/libgdal.so.38+0x635efe) (BuildId: 5024c91a394464fa10fa4e113b3e952de293b399)
    #2 0x79fec663de0e in VSIStrdupVerbose (/usr/lib/x86_64-linux-gnu/libgdal.so.38+0x63de0e) (BuildId: 5024c91a394464fa10fa4e113b3e952de293b399)
    #3 0x79fec663deaa in CSLAddStringMayFail (/usr/lib/x86_64-linux-gnu/libgdal.so.38+0x63deaa) (BuildId: 5024c91a394464fa10fa4e113b3e952de293b399)
    #4 0x79fec663df64 in CSLAddString (/usr/lib/x86_64-linux-gnu/libgdal.so.38+0x63df64) (BuildId: 5024c91a394464fa10fa4e113b3e952de293b399)
    #5 0x5979ff2b0c4a in CSimulation::bWriteRasterGISFile(int, std::__cxx11::basic_string<char, std::char_traits<char>, std::allocator<char> > const*, int, double, std::__cxx11::basic_string<char, std::char_traits<char>, std::allocator<char> >) /home/dave/coast/CoastalME/src/gis_raster.cpp:2065
    #6 0x5979ff2d11d1 in CSimulation::bSaveAllRasterGISFiles() /home/dave/coast/CoastalME/src/gis_utils.cpp:1163
    #7 0x5979ff470442 in CSimulation::nDoSimulation(int, char const**) /home/dave/coast/CoastalME/src/simulation.cpp:1316
    #8 0x5979ff109b6d in main /home/dave/coast/CoastalME/src/cme.cpp:45
    #9 0x79fec502a600 in __libc_start_call_main ../sysdeps/nptl/libc_start_call_main.h:59
    #10 0x79fec502a717 in __libc_start_main_impl ../csu/libc-start.c:360
    #11 0x5979fefc7b84 in _start (/home/dave/coast/CoastalME/cme+0xb39b84) (BuildId: 97d2d8cd42157b9ef58d8bf687c85254bc09c5fe)

Indirect leak of 200 byte(s) in 8 object(s) allocated from:
    #0 0x79fec852b60f in malloc ../../../../src/libsanitizer/asan/asan_malloc_linux.cpp:67
    #1 0x79fec6635efe in VSIStrdup (/usr/lib/x86_64-linux-gnu/libgdal.so.38+0x635efe) (BuildId: 5024c91a394464fa10fa4e113b3e952de293b399)
    #2 0x79fec663de0e in VSIStrdupVerbose (/usr/lib/x86_64-linux-gnu/libgdal.so.38+0x63de0e) (BuildId: 5024c91a394464fa10fa4e113b3e952de293b399)
    #3 0x79fec663deaa in CSLAddStringMayFail (/usr/lib/x86_64-linux-gnu/libgdal.so.38+0x63deaa) (BuildId: 5024c91a394464fa10fa4e113b3e952de293b399)
    #4 0x79fec663df64 in CSLAddString (/usr/lib/x86_64-linux-gnu/libgdal.so.38+0x63df64) (BuildId: 5024c91a394464fa10fa4e113b3e952de293b399)
    #5 0x5979ff2b0cd9 in CSimulation::bWriteRasterGISFile(int, std::__cxx11::basic_string<char, std::char_traits<char>, std::allocator<char> > const*, int, double, std::__cxx11::basic_string<char, std::char_traits<char>, std::allocator<char> >) /home/dave/coast/CoastalME/src/gis_raster.cpp:2085
    #6 0x5979ff2d25ae in CSimulation::bSaveAllRasterGISFiles() /home/dave/coast/CoastalME/src/gis_utils.cpp:1296
    #7 0x5979ff470442 in CSimulation::nDoSimulation(int, char const**) /home/dave/coast/CoastalME/src/simulation.cpp:1316
    #8 0x5979ff109b6d in main /home/dave/coast/CoastalME/src/cme.cpp:45
    #9 0x79fec502a600 in __libc_start_call_main ../sysdeps/nptl/libc_start_call_main.h:59
    #10 0x79fec502a717 in __libc_start_main_impl ../csu/libc-start.c:360
    #11 0x5979fefc7b84 in _start (/home/dave/coast/CoastalME/cme+0xb39b84) (BuildId: 97d2d8cd42157b9ef58d8bf687c85254bc09c5fe)

Indirect leak of 192 byte(s) in 8 object(s) allocated from:
    #0 0x79fec852c73f in operator new(unsigned long) ../../../../src/libsanitizer/asan/asan_new_delete.cpp:109
    #1 0x79fec68ba12f in OGRSpatialReference::Private::Private(OGRSpatialReference*) (/usr/lib/x86_64-linux-gnu/libgdal.so.38+0x8ba12f) (BuildId: 5024c91a394464fa10fa4e113b3e952de293b399)
    #2 0x79fec68cf4cc in OGRSpatialReference::OGRSpatialReference(char const*) (/usr/lib/x86_64-linux-gnu/libgdal.so.38+0x8cf4cc) (BuildId: 5024c91a394464fa10fa4e113b3e952de293b399)
    #3 0x79fec68cf53c in OGRSpatialReference::Clone() const (/usr/lib/x86_64-linux-gnu/libgdal.so.38+0x8cf53c) (BuildId: 5024c91a394464fa10fa4e113b3e952de293b399)
    #4 0x79fec72cf580  (/usr/lib/x86_64-linux-gnu/libgdal.so.38+0x12cf580) (BuildId: 5024c91a394464fa10fa4e113b3e952de293b399)
    #5 0x79fec72d9a46  (/usr/lib/x86_64-linux-gnu/libgdal.so.38+0x12d9a46) (BuildId: 5024c91a394464fa10fa4e113b3e952de293b399)
    #6 0x79fec78c01a2 in GDALDataset::CreateLayer(char const*, OGRGeomFieldDefn const*, char const* const*) (/usr/lib/x86_64-linux-gnu/libgdal.so.38+0x18c01a2) (BuildId: 5024c91a394464fa10fa4e113b3e952de293b399)
    #7 0x79fec78c02f8 in GDALDataset::CreateLayer(char const*, OGRSpatialReference const*, OGRwkbGeometryType, char const* const*) (/usr/lib/x86_64-linux-gnu/libgdal.so.38+0x18c02f8) (BuildId: 5024c91a394464fa10fa4e113b3e952de293b399)
    #8 0x5979ff2f03c2 in CSimulation::bWriteVectorGISFile(int, std::__cxx11::basic_string<char, std::char_traits<char>, std::allocator<char> > const*, std::__cxx11::basic_string<char, std::char_traits<char>, std::allocator<char> >) /home/dave/coast/CoastalME/src/gis_vector.cpp:665
    #9 0x5979ff2d4b50 in CSimulation::bSaveAllVectorGISFiles() /home/dave/coast/CoastalME/src/gis_utils.cpp:1412
    #10 0x5979ff47047e in CSimulation::nDoSimulation(int, char const**) /home/dave/coast/CoastalME/src/simulation.cpp:1323
    #11 0x5979ff109b6d in main /home/dave/coast/CoastalME/src/cme.cpp:45
    #12 0x79fec502a600 in __libc_start_call_main ../sysdeps/nptl/libc_start_call_main.h:59
    #13 0x79fec502a717 in __libc_start_main_impl ../csu/libc-start.c:360
    #14 0x5979fefc7b84 in _start (/home/dave/coast/CoastalME/cme+0xb39b84) (BuildId: 97d2d8cd42157b9ef58d8bf687c85254bc09c5fe)

Indirect leak of 152 byte(s) in 8 object(s) allocated from:
    #0 0x79fec852b60f in malloc ../../../../src/libsanitizer/asan/asan_malloc_linux.cpp:67
    #1 0x79fec6635efe in VSIStrdup (/usr/lib/x86_64-linux-gnu/libgdal.so.38+0x635efe) (BuildId: 5024c91a394464fa10fa4e113b3e952de293b399)
    #2 0x79fec663de0e in VSIStrdupVerbose (/usr/lib/x86_64-linux-gnu/libgdal.so.38+0x63de0e) (BuildId: 5024c91a394464fa10fa4e113b3e952de293b399)
    #3 0x79fec663deaa in CSLAddStringMayFail (/usr/lib/x86_64-linux-gnu/libgdal.so.38+0x63deaa) (BuildId: 5024c91a394464fa10fa4e113b3e952de293b399)
    #4 0x79fec663df64 in CSLAddString (/usr/lib/x86_64-linux-gnu/libgdal.so.38+0x63df64) (BuildId: 5024c91a394464fa10fa4e113b3e952de293b399)
    #5 0x5979ff2b0c63 in CSimulation::bWriteRasterGISFile(int, std::__cxx11::basic_string<char, std::char_traits<char>, std::allocator<char> > const*, int, double, std::__cxx11::basic_string<char, std::char_traits<char>, std::allocator<char> >) /home/dave/coast/CoastalME/src/gis_raster.cpp:2069
    #6 0x5979ff2d12c6 in CSimulation::bSaveAllRasterGISFiles() /home/dave/coast/CoastalME/src/gis_utils.cpp:1169
    #7 0x5979ff470442 in CSimulation::nDoSimulation(int, char const**) /home/dave/coast/CoastalME/src/simulation.cpp:1316
    #8 0x5979ff109b6d in main /home/dave/coast/CoastalME/src/cme.cpp:45
    #9 0x79fec502a600 in __libc_start_call_main ../sysdeps/nptl/libc_start_call_main.h:59
    #10 0x79fec502a717 in __libc_start_main_impl ../csu/libc-start.c:360
    #11 0x5979fefc7b84 in _start (/home/dave/coast/CoastalME/cme+0xb39b84) (BuildId: 97d2d8cd42157b9ef58d8bf687c85254bc09c5fe)

Indirect leak of 152 byte(s) in 8 object(s) allocated from:
    #0 0x79fec852b60f in malloc ../../../../src/libsanitizer/asan/asan_malloc_linux.cpp:67
    #1 0x79fec6635efe in VSIStrdup (/usr/lib/x86_64-linux-gnu/libgdal.so.38+0x635efe) (BuildId: 5024c91a394464fa10fa4e113b3e952de293b399)
    #2 0x79fec663de0e in VSIStrdupVerbose (/usr/lib/x86_64-linux-gnu/libgdal.so.38+0x63de0e) (BuildId: 5024c91a394464fa10fa4e113b3e952de293b399)
    #3 0x79fec663deaa in CSLAddStringMayFail (/usr/lib/x86_64-linux-gnu/libgdal.so.38+0x63deaa) (BuildId: 5024c91a394464fa10fa4e113b3e952de293b399)
    #4 0x79fec663df64 in CSLAddString (/usr/lib/x86_64-linux-gnu/libgdal.so.38+0x63df64) (BuildId: 5024c91a394464fa10fa4e113b3e952de293b399)
    #5 0x5979ff2b0b9a in CSimulation::bWriteRasterGISFile(int, std::__cxx11::basic_string<char, std::char_traits<char>, std::allocator<char> > const*, int, double, std::__cxx11::basic_string<char, std::char_traits<char>, std::allocator<char> >) /home/dave/coast/CoastalME/src/gis_raster.cpp:2043
    #6 0x5979ff2cf02c in CSimulation::bSaveAllRasterGISFiles() /home/dave/coast/CoastalME/src/gis_utils.cpp:1072
    #7 0x5979ff470442 in CSimulation::nDoSimulation(int, char const**) /home/dave/coast/CoastalME/src/simulation.cpp:1316
    #8 0x5979ff109b6d in main /home/dave/coast/CoastalME/src/cme.cpp:45
    #9 0x79fec502a600 in __libc_start_call_main ../sysdeps/nptl/libc_start_call_main.h:59
    #10 0x79fec502a717 in __libc_start_main_impl ../csu/libc-start.c:360
    #11 0x5979fefc7b84 in _start (/home/dave/coast/CoastalME/cme+0xb39b84) (BuildId: 97d2d8cd42157b9ef58d8bf687c85254bc09c5fe)

Indirect leak of 152 byte(s) in 8 object(s) allocated from:
    #0 0x79fec852b60f in malloc ../../../../src/libsanitizer/asan/asan_malloc_linux.cpp:67
    #1 0x79fec6635efe in VSIStrdup (/usr/lib/x86_64-linux-gnu/libgdal.so.38+0x635efe) (BuildId: 5024c91a394464fa10fa4e113b3e952de293b399)
    #2 0x79fec663de0e in VSIStrdupVerbose (/usr/lib/x86_64-linux-gnu/libgdal.so.38+0x63de0e) (BuildId: 5024c91a394464fa10fa4e113b3e952de293b399)
    #3 0x79fec663deaa in CSLAddStringMayFail (/usr/lib/x86_64-linux-gnu/libgdal.so.38+0x63deaa) (BuildId: 5024c91a394464fa10fa4e113b3e952de293b399)
    #4 0x79fec663df64 in CSLAddString (/usr/lib/x86_64-linux-gnu/libgdal.so.38+0x63df64) (BuildId: 5024c91a394464fa10fa4e113b3e952de293b399)
    #5 0x5979ff2b0cb3 in CSimulation::bWriteRasterGISFile(int, std::__cxx11::basic_string<char, std::char_traits<char>, std::allocator<char> > const*, int, double, std::__cxx11::basic_string<char, std::char_traits<char>, std::allocator<char> >) /home/dave/coast/CoastalME/src/gis_raster.cpp:2079
    #6 0x5979ff2d24ec in CSimulation::bSaveAllRasterGISFiles() /home/dave/coast/CoastalME/src/gis_utils.cpp:1293
    #7 0x5979ff470442 in CSimulation::nDoSimulation(int, char const**) /home/dave/coast/CoastalME/src/simulation.cpp:1316
    #8 0x5979ff109b6d in main /home/dave/coast/CoastalME/src/cme.cpp:45
    #9 0x79fec502a600 in __libc_start_call_main ../sysdeps/nptl/libc_start_call_main.h:59
    #10 0x79fec502a717 in __libc_start_main_impl ../csu/libc-start.c:360
    #11 0x5979fefc7b84 in _start (/home/dave/coast/CoastalME/cme+0xb39b84) (BuildId: 97d2d8cd42157b9ef58d8bf687c85254bc09c5fe)

Indirect leak of 136 byte(s) in 8 object(s) allocated from:
    #0 0x79fec852b60f in malloc ../../../../src/libsanitizer/asan/asan_malloc_linux.cpp:67
    #1 0x79fec6638eeb in CPLMalloc (/usr/lib/x86_64-linux-gnu/libgdal.so.38+0x638eeb) (BuildId: 5024c91a394464fa10fa4e113b3e952de293b399)
    #2 0x79fec6639103 in CPLStrdup (/usr/lib/x86_64-linux-gnu/libgdal.so.38+0x639103) (BuildId: 5024c91a394464fa10fa4e113b3e952de293b399)
    #3 0x79fec68c6594 in OGRFeatureDefn::OGRFeatureDefn(char const*) (/usr/lib/x86_64-linux-gnu/libgdal.so.38+0x8c6594) (BuildId: 5024c91a394464fa10fa4e113b3e952de293b399)
    #4 0x79fec72cf265  (/usr/lib/x86_64-linux-gnu/libgdal.so.38+0x12cf265) (BuildId: 5024c91a394464fa10fa4e113b3e952de293b399)
    #5 0x79fec72d9a46  (/usr/lib/x86_64-linux-gnu/libgdal.so.38+0x12d9a46) (BuildId: 5024c91a394464fa10fa4e113b3e952de293b399)
    #6 0x79fec78c01a2 in GDALDataset::CreateLayer(char const*, OGRGeomFieldDefn const*, char const* const*) (/usr/lib/x86_64-linux-gnu/libgdal.so.38+0x18c01a2) (BuildId: 5024c91a394464fa10fa4e113b3e952de293b399)
    #7 0x79fec78c02f8 in GDALDataset::CreateLayer(char const*, OGRSpatialReference const*, OGRwkbGeometryType, char const* const*) (/usr/lib/x86_64-linux-gnu/libgdal.so.38+0x18c02f8) (BuildId: 5024c91a394464fa10fa4e113b3e952de293b399)
    #8 0x5979ff2f03c2 in CSimulation::bWriteVectorGISFile(int, std::__cxx11::basic_string<char, std::char_traits<char>, std::allocator<char> > const*, std::__cxx11::basic_string<char, std::char_traits<char>, std::allocator<char> >) /home/dave/coast/CoastalME/src/gis_vector.cpp:665
    #9 0x5979ff2d4b50 in CSimulation::bSaveAllVectorGISFiles() /home/dave/coast/CoastalME/src/gis_utils.cpp:1412
    #10 0x5979ff47047e in CSimulation::nDoSimulation(int, char const**) /home/dave/coast/CoastalME/src/simulation.cpp:1323
    #11 0x5979ff109b6d in main /home/dave/coast/CoastalME/src/cme.cpp:45
    #12 0x79fec502a600 in __libc_start_call_main ../sysdeps/nptl/libc_start_call_main.h:59
    #13 0x79fec502a717 in __libc_start_main_impl ../csu/libc-start.c:360
    #14 0x5979fefc7b84 in _start (/home/dave/coast/CoastalME/cme+0xb39b84) (BuildId: 97d2d8cd42157b9ef58d8bf687c85254bc09c5fe)

Indirect leak of 128 byte(s) in 8 object(s) allocated from:
    #0 0x79fec852c73f in operator new(unsigned long) ../../../../src/libsanitizer/asan/asan_new_delete.cpp:109
    #1 0x79fec68cf52f in OGRSpatialReference::Clone() const (/usr/lib/x86_64-linux-gnu/libgdal.so.38+0x8cf52f) (BuildId: 5024c91a394464fa10fa4e113b3e952de293b399)
    #2 0x79fec72cf580  (/usr/lib/x86_64-linux-gnu/libgdal.so.38+0x12cf580) (BuildId: 5024c91a394464fa10fa4e113b3e952de293b399)
    #3 0x79fec72d9a46  (/usr/lib/x86_64-linux-gnu/libgdal.so.38+0x12d9a46) (BuildId: 5024c91a394464fa10fa4e113b3e952de293b399)
    #4 0x79fec78c01a2 in GDALDataset::CreateLayer(char const*, OGRGeomFieldDefn const*, char const* const*) (/usr/lib/x86_64-linux-gnu/libgdal.so.38+0x18c01a2) (BuildId: 5024c91a394464fa10fa4e113b3e952de293b399)
    #5 0x79fec78c02f8 in GDALDataset::CreateLayer(char const*, OGRSpatialReference const*, OGRwkbGeometryType, char const* const*) (/usr/lib/x86_64-linux-gnu/libgdal.so.38+0x18c02f8) (BuildId: 5024c91a394464fa10fa4e113b3e952de293b399)
    #6 0x5979ff2f03c2 in CSimulation::bWriteVectorGISFile(int, std::__cxx11::basic_string<char, std::char_traits<char>, std::allocator<char> > const*, std::__cxx11::basic_string<char, std::char_traits<char>, std::allocator<char> >) /home/dave/coast/CoastalME/src/gis_vector.cpp:665
    #7 0x5979ff2d4b50 in CSimulation::bSaveAllVectorGISFiles() /home/dave/coast/CoastalME/src/gis_utils.cpp:1412
    #8 0x5979ff47047e in CSimulation::nDoSimulation(int, char const**) /home/dave/coast/CoastalME/src/simulation.cpp:1323
    #9 0x5979ff109b6d in main /home/dave/coast/CoastalME/src/cme.cpp:45
    #10 0x79fec502a600 in __libc_start_call_main ../sysdeps/nptl/libc_start_call_main.h:59
    #11 0x79fec502a717 in __libc_start_main_impl ../csu/libc-start.c:360
    #12 0x5979fefc7b84 in _start (/home/dave/coast/CoastalME/cme+0xb39b84) (BuildId: 97d2d8cd42157b9ef58d8bf687c85254bc09c5fe)

Indirect leak of 128 byte(s) in 8 object(s) allocated from:
    #0 0x79fec852c73f in operator new(unsigned long) ../../../../src/libsanitizer/asan/asan_new_delete.cpp:109
    #1 0x79fec68ba0f8 in OGRSpatialReference::Private::Private(OGRSpatialReference*) (/usr/lib/x86_64-linux-gnu/libgdal.so.38+0x8ba0f8) (BuildId: 5024c91a394464fa10fa4e113b3e952de293b399)
    #2 0x79fec68cf4cc in OGRSpatialReference::OGRSpatialReference(char const*) (/usr/lib/x86_64-linux-gnu/libgdal.so.38+0x8cf4cc) (BuildId: 5024c91a394464fa10fa4e113b3e952de293b399)
    #3 0x79fec68cf53c in OGRSpatialReference::Clone() const (/usr/lib/x86_64-linux-gnu/libgdal.so.38+0x8cf53c) (BuildId: 5024c91a394464fa10fa4e113b3e952de293b399)
    #4 0x79fec72cf580  (/usr/lib/x86_64-linux-gnu/libgdal.so.38+0x12cf580) (BuildId: 5024c91a394464fa10fa4e113b3e952de293b399)
    #5 0x79fec72d9a46  (/usr/lib/x86_64-linux-gnu/libgdal.so.38+0x12d9a46) (BuildId: 5024c91a394464fa10fa4e113b3e952de293b399)
    #6 0x79fec78c01a2 in GDALDataset::CreateLayer(char const*, OGRGeomFieldDefn const*, char const* const*) (/usr/lib/x86_64-linux-gnu/libgdal.so.38+0x18c01a2) (BuildId: 5024c91a394464fa10fa4e113b3e952de293b399)
    #7 0x79fec78c02f8 in GDALDataset::CreateLayer(char const*, OGRSpatialReference const*, OGRwkbGeometryType, char const* const*) (/usr/lib/x86_64-linux-gnu/libgdal.so.38+0x18c02f8) (BuildId: 5024c91a394464fa10fa4e113b3e952de293b399)
    #8 0x5979ff2f03c2 in CSimulation::bWriteVectorGISFile(int, std::__cxx11::basic_string<char, std::char_traits<char>, std::allocator<char> > const*, std::__cxx11::basic_string<char, std::char_traits<char>, std::allocator<char> >) /home/dave/coast/CoastalME/src/gis_vector.cpp:665
    #9 0x5979ff2d4b50 in CSimulation::bSaveAllVectorGISFiles() /home/dave/coast/CoastalME/src/gis_utils.cpp:1412
    #10 0x5979ff47047e in CSimulation::nDoSimulation(int, char const**) /home/dave/coast/CoastalME/src/simulation.cpp:1323
    #11 0x5979ff109b6d in main /home/dave/coast/CoastalME/src/cme.cpp:45
    #12 0x79fec502a600 in __libc_start_call_main ../sysdeps/nptl/libc_start_call_main.h:59
    #13 0x79fec502a717 in __libc_start_main_impl ../csu/libc-start.c:360
    #14 0x5979fefc7b84 in _start (/home/dave/coast/CoastalME/cme+0xb39b84) (BuildId: 97d2d8cd42157b9ef58d8bf687c85254bc09c5fe)

Indirect leak of 120 byte(s) in 8 object(s) allocated from:
    #0 0x79fec852b60f in malloc ../../../../src/libsanitizer/asan/asan_malloc_linux.cpp:67
    #1 0x79fec6635efe in VSIStrdup (/usr/lib/x86_64-linux-gnu/libgdal.so.38+0x635efe) (BuildId: 5024c91a394464fa10fa4e113b3e952de293b399)
    #2 0x79fec663de0e in VSIStrdupVerbose (/usr/lib/x86_64-linux-gnu/libgdal.so.38+0x63de0e) (BuildId: 5024c91a394464fa10fa4e113b3e952de293b399)
    #3 0x79fec663deaa in CSLAddStringMayFail (/usr/lib/x86_64-linux-gnu/libgdal.so.38+0x63deaa) (BuildId: 5024c91a394464fa10fa4e113b3e952de293b399)
    #4 0x79fec663df64 in CSLAddString (/usr/lib/x86_64-linux-gnu/libgdal.so.38+0x63df64) (BuildId: 5024c91a394464fa10fa4e113b3e952de293b399)
    #5 0x5979ff2b0c72 in CSimulation::bWriteRasterGISFile(int, std::__cxx11::basic_string<char, std::char_traits<char>, std::allocator<char> > const*, int, double, std::__cxx11::basic_string<char, std::char_traits<char>, std::allocator<char> >) /home/dave/coast/CoastalME/src/gis_raster.cpp:2070
    #6 0x5979ff2d12c6 in CSimulation::bSaveAllRasterGISFiles() /home/dave/coast/CoastalME/src/gis_utils.cpp:1169
    #7 0x5979ff470442 in CSimulation::nDoSimulation(int, char const**) /home/dave/coast/CoastalME/src/simulation.cpp:1316
    #8 0x5979ff109b6d in main /home/dave/coast/CoastalME/src/cme.cpp:45
    #9 0x79fec502a600 in __libc_start_call_main ../sysdeps/nptl/libc_start_call_main.h:59
    #10 0x79fec502a717 in __libc_start_main_impl ../csu/libc-start.c:360
    #11 0x5979fefc7b84 in _start (/home/dave/coast/CoastalME/cme+0xb39b84) (BuildId: 97d2d8cd42157b9ef58d8bf687c85254bc09c5fe)

Indirect leak of 120 byte(s) in 8 object(s) allocated from:
    #0 0x79fec852b60f in malloc ../../../../src/libsanitizer/asan/asan_malloc_linux.cpp:67
    #1 0x79fec6635efe in VSIStrdup (/usr/lib/x86_64-linux-gnu/libgdal.so.38+0x635efe) (BuildId: 5024c91a394464fa10fa4e113b3e952de293b399)
    #2 0x79fec663de0e in VSIStrdupVerbose (/usr/lib/x86_64-linux-gnu/libgdal.so.38+0x63de0e) (BuildId: 5024c91a394464fa10fa4e113b3e952de293b399)
    #3 0x79fec663deaa in CSLAddStringMayFail (/usr/lib/x86_64-linux-gnu/libgdal.so.38+0x63deaa) (BuildId: 5024c91a394464fa10fa4e113b3e952de293b399)
    #4 0x79fec663df64 in CSLAddString (/usr/lib/x86_64-linux-gnu/libgdal.so.38+0x63df64) (BuildId: 5024c91a394464fa10fa4e113b3e952de293b399)
    #5 0x5979ff2b0c1c in CSimulation::bWriteRasterGISFile(int, std::__cxx11::basic_string<char, std::char_traits<char>, std::allocator<char> > const*, int, double, std::__cxx11::basic_string<char, std::char_traits<char>, std::allocator<char> >) /home/dave/coast/CoastalME/src/gis_raster.cpp:2055
    #6 0x5979ff2d2302 in CSimulation::bSaveAllRasterGISFiles() /home/dave/coast/CoastalME/src/gis_utils.cpp:1281
    #7 0x5979ff470442 in CSimulation::nDoSimulation(int, char const**) /home/dave/coast/CoastalME/src/simulation.cpp:1316
    #8 0x5979ff109b6d in main /home/dave/coast/CoastalME/src/cme.cpp:45
    #9 0x79fec502a600 in __libc_start_call_main ../sysdeps/nptl/libc_start_call_main.h:59
    #10 0x79fec502a717 in __libc_start_main_impl ../csu/libc-start.c:360
    #11 0x5979fefc7b84 in _start (/home/dave/coast/CoastalME/cme+0xb39b84) (BuildId: 97d2d8cd42157b9ef58d8bf687c85254bc09c5fe)

Indirect leak of 120 byte(s) in 8 object(s) allocated from:
    #0 0x79fec852b60f in malloc ../../../../src/libsanitizer/asan/asan_malloc_linux.cpp:67
    #1 0x79fec6635efe in VSIStrdup (/usr/lib/x86_64-linux-gnu/libgdal.so.38+0x635efe) (BuildId: 5024c91a394464fa10fa4e113b3e952de293b399)
    #2 0x79fec663de0e in VSIStrdupVerbose (/usr/lib/x86_64-linux-gnu/libgdal.so.38+0x63de0e) (BuildId: 5024c91a394464fa10fa4e113b3e952de293b399)
    #3 0x79fec663deaa in CSLAddStringMayFail (/usr/lib/x86_64-linux-gnu/libgdal.so.38+0x63deaa) (BuildId: 5024c91a394464fa10fa4e113b3e952de293b399)
    #4 0x79fec663df64 in CSLAddString (/usr/lib/x86_64-linux-gnu/libgdal.so.38+0x63df64) (BuildId: 5024c91a394464fa10fa4e113b3e952de293b399)
    #5 0x5979ff2b0cc2 in CSimulation::bWriteRasterGISFile(int, std::__cxx11::basic_string<char, std::char_traits<char>, std::allocator<char> > const*, int, double, std::__cxx11::basic_string<char, std::char_traits<char>, std::allocator<char> >) /home/dave/coast/CoastalME/src/gis_raster.cpp:2080
    #6 0x5979ff2d24ec in CSimulation::bSaveAllRasterGISFiles() /home/dave/coast/CoastalME/src/gis_utils.cpp:1293
    #7 0x5979ff470442 in CSimulation::nDoSimulation(int, char const**) /home/dave/coast/CoastalME/src/simulation.cpp:1316
    #8 0x5979ff109b6d in main /home/dave/coast/CoastalME/src/cme.cpp:45
    #9 0x79fec502a600 in __libc_start_call_main ../sysdeps/nptl/libc_start_call_main.h:59
    #10 0x79fec502a717 in __libc_start_main_impl ../csu/libc-start.c:360
    #11 0x5979fefc7b84 in _start (/home/dave/coast/CoastalME/cme+0xb39b84) (BuildId: 97d2d8cd42157b9ef58d8bf687c85254bc09c5fe)

Indirect leak of 112 byte(s) in 8 object(s) allocated from:
    #0 0x79fec852b60f in malloc ../../../../src/libsanitizer/asan/asan_malloc_linux.cpp:67
    #1 0x79fec6635efe in VSIStrdup (/usr/lib/x86_64-linux-gnu/libgdal.so.38+0x635efe) (BuildId: 5024c91a394464fa10fa4e113b3e952de293b399)
    #2 0x79fec663de0e in VSIStrdupVerbose (/usr/lib/x86_64-linux-gnu/libgdal.so.38+0x63de0e) (BuildId: 5024c91a394464fa10fa4e113b3e952de293b399)
    #3 0x79fec663deaa in CSLAddStringMayFail (/usr/lib/x86_64-linux-gnu/libgdal.so.38+0x63deaa) (BuildId: 5024c91a394464fa10fa4e113b3e952de293b399)
    #4 0x79fec663df64 in CSLAddString (/usr/lib/x86_64-linux-gnu/libgdal.so.38+0x63df64) (BuildId: 5024c91a394464fa10fa4e113b3e952de293b399)
    #5 0x5979ff2b09ec in CSimulation::bWriteRasterGISFile(int, std::__cxx11::basic_string<char, std::char_traits<char>, std::allocator<char> > const*, int, double, std::__cxx11::basic_string<char, std::char_traits<char>, std::allocator<char> >) /home/dave/coast/CoastalME/src/gis_raster.cpp:2059
    #6 0x5979ff2d10dc in CSimulation::bSaveAllRasterGISFiles() /home/dave/coast/CoastalME/src/gis_utils.cpp:1157
    #7 0x5979ff470442 in CSimulation::nDoSimulation(int, char const**) /home/dave/coast/CoastalME/src/simulation.cpp:1316
    #8 0x5979ff109b6d in main /home/dave/coast/CoastalME/src/cme.cpp:45
    #9 0x79fec502a600 in __libc_start_call_main ../sysdeps/nptl/libc_start_call_main.h:59
    #10 0x79fec502a717 in __libc_start_main_impl ../csu/libc-start.c:360
    #11 0x5979fefc7b84 in _start (/home/dave/coast/CoastalME/cme+0xb39b84) (BuildId: 97d2d8cd42157b9ef58d8bf687c85254bc09c5fe)

Indirect leak of 104 byte(s) in 8 object(s) allocated from:
    #0 0x79fec852b60f in malloc ../../../../src/libsanitizer/asan/asan_malloc_linux.cpp:67
    #1 0x79fec6635efe in VSIStrdup (/usr/lib/x86_64-linux-gnu/libgdal.so.38+0x635efe) (BuildId: 5024c91a394464fa10fa4e113b3e952de293b399)
    #2 0x79fec663de0e in VSIStrdupVerbose (/usr/lib/x86_64-linux-gnu/libgdal.so.38+0x63de0e) (BuildId: 5024c91a394464fa10fa4e113b3e952de293b399)
    #3 0x79fec663deaa in CSLAddStringMayFail (/usr/lib/x86_64-linux-gnu/libgdal.so.38+0x63deaa) (BuildId: 5024c91a394464fa10fa4e113b3e952de293b399)
    #4 0x79fec663df64 in CSLAddString (/usr/lib/x86_64-linux-gnu/libgdal.so.38+0x63df64) (BuildId: 5024c91a394464fa10fa4e113b3e952de293b399)
    #5 0x5979ff2b0ba9 in CSimulation::bWriteRasterGISFile(int, std::__cxx11::basic_string<char, std::char_traits<char>, std::allocator<char> > const*, int, double, std::__cxx11::basic_string<char, std::char_traits<char>, std::allocator<char> >) /home/dave/coast/CoastalME/src/gis_raster.cpp:2044
    #6 0x5979ff2cf02c in CSimulation::bSaveAllRasterGISFiles() /home/dave/coast/CoastalME/src/gis_utils.cpp:1072
    #7 0x5979ff470442 in CSimulation::nDoSimulation(int, char const**) /home/dave/coast/CoastalME/src/simulation.cpp:1316
    #8 0x5979ff109b6d in main /home/dave/coast/CoastalME/src/cme.cpp:45
    #9 0x79fec502a600 in __libc_start_call_main ../sysdeps/nptl/libc_start_call_main.h:59
    #10 0x79fec502a717 in __libc_start_main_impl ../csu/libc-start.c:360
    #11 0x5979fefc7b84 in _start (/home/dave/coast/CoastalME/cme+0xb39b84) (BuildId: 97d2d8cd42157b9ef58d8bf687c85254bc09c5fe)

Indirect leak of 104 byte(s) in 8 object(s) allocated from:
    #0 0x79fec852b60f in malloc ../../../../src/libsanitizer/asan/asan_malloc_linux.cpp:67
    #1 0x79fec6635efe in VSIStrdup (/usr/lib/x86_64-linux-gnu/libgdal.so.38+0x635efe) (BuildId: 5024c91a394464fa10fa4e113b3e952de293b399)
    #2 0x79fec663de0e in VSIStrdupVerbose (/usr/lib/x86_64-linux-gnu/libgdal.so.38+0x63de0e) (BuildId: 5024c91a394464fa10fa4e113b3e952de293b399)
    #3 0x79fec663deaa in CSLAddStringMayFail (/usr/lib/x86_64-linux-gnu/libgdal.so.38+0x63deaa) (BuildId: 5024c91a394464fa10fa4e113b3e952de293b399)
    #4 0x79fec663df64 in CSLAddString (/usr/lib/x86_64-linux-gnu/libgdal.so.38+0x63df64) (BuildId: 5024c91a394464fa10fa4e113b3e952de293b399)
    #5 0x5979ff2b0b8b in CSimulation::bWriteRasterGISFile(int, std::__cxx11::basic_string<char, std::char_traits<char>, std::allocator<char> > const*, int, double, std::__cxx11::basic_string<char, std::char_traits<char>, std::allocator<char> >) /home/dave/coast/CoastalME/src/gis_raster.cpp:2041
    #6 0x5979ff2cf02c in CSimulation::bSaveAllRasterGISFiles() /home/dave/coast/CoastalME/src/gis_utils.cpp:1072
    #7 0x5979ff470442 in CSimulation::nDoSimulation(int, char const**) /home/dave/coast/CoastalME/src/simulation.cpp:1316
    #8 0x5979ff109b6d in main /home/dave/coast/CoastalME/src/cme.cpp:45
    #9 0x79fec502a600 in __libc_start_call_main ../sysdeps/nptl/libc_start_call_main.h:59
    #10 0x79fec502a717 in __libc_start_main_impl ../csu/libc-start.c:360
    #11 0x5979fefc7b84 in _start (/home/dave/coast/CoastalME/cme+0xb39b84) (BuildId: 97d2d8cd42157b9ef58d8bf687c85254bc09c5fe)

Indirect leak of 96 byte(s) in 8 object(s) allocated from:
    #0 0x79fec852b60f in malloc ../../../../src/libsanitizer/asan/asan_malloc_linux.cpp:67
    #1 0x79fec6635efe in VSIStrdup (/usr/lib/x86_64-linux-gnu/libgdal.so.38+0x635efe) (BuildId: 5024c91a394464fa10fa4e113b3e952de293b399)
    #2 0x79fec663de0e in VSIStrdupVerbose (/usr/lib/x86_64-linux-gnu/libgdal.so.38+0x63de0e) (BuildId: 5024c91a394464fa10fa4e113b3e952de293b399)
    #3 0x79fec663deaa in CSLAddStringMayFail (/usr/lib/x86_64-linux-gnu/libgdal.so.38+0x63deaa) (BuildId: 5024c91a394464fa10fa4e113b3e952de293b399)
    #4 0x79fec663df64 in CSLAddString (/usr/lib/x86_64-linux-gnu/libgdal.so.38+0x63df64) (BuildId: 5024c91a394464fa10fa4e113b3e952de293b399)
    #5 0x5979ff2b0c8b in CSimulation::bWriteRasterGISFile(int, std::__cxx11::basic_string<char, std::char_traits<char>, std::allocator<char> > const*, int, double, std::__cxx11::basic_string<char, std::char_traits<char>, std::allocator<char> >) /home/dave/coast/CoastalME/src/gis_raster.cpp:2074
    #6 0x5979ff2d2023 in CSimulation::bSaveAllRasterGISFiles() /home/dave/coast/CoastalME/src/gis_utils.cpp:1263
    #7 0x5979ff470442 in CSimulation::nDoSimulation(int, char const**) /home/dave/coast/CoastalME/src/simulation.cpp:1316
    #8 0x5979ff109b6d in main /home/dave/coast/CoastalME/src/cme.cpp:45
    #9 0x79fec502a600 in __libc_start_call_main ../sysdeps/nptl/libc_start_call_main.h:59
    #10 0x79fec502a717 in __libc_start_main_impl ../csu/libc-start.c:360
    #11 0x5979fefc7b84 in _start (/home/dave/coast/CoastalME/cme+0xb39b84) (BuildId: 97d2d8cd42157b9ef58d8bf687c85254bc09c5fe)

Indirect leak of 96 byte(s) in 8 object(s) allocated from:
    #0 0x79fec852c73f in operator new(unsigned long) ../../../../src/libsanitizer/asan/asan_new_delete.cpp:109
    #1 0x79fec68ba1a0 in OGRSpatialReference::Private::Private(OGRSpatialReference*) (/usr/lib/x86_64-linux-gnu/libgdal.so.38+0x8ba1a0) (BuildId: 5024c91a394464fa10fa4e113b3e952de293b399)
    #2 0x79fec68cf4cc in OGRSpatialReference::OGRSpatialReference(char const*) (/usr/lib/x86_64-linux-gnu/libgdal.so.38+0x8cf4cc) (BuildId: 5024c91a394464fa10fa4e113b3e952de293b399)
    #3 0x79fec68cf53c in OGRSpatialReference::Clone() const (/usr/lib/x86_64-linux-gnu/libgdal.so.38+0x8cf53c) (BuildId: 5024c91a394464fa10fa4e113b3e952de293b399)
    #4 0x79fec72cf580  (/usr/lib/x86_64-linux-gnu/libgdal.so.38+0x12cf580) (BuildId: 5024c91a394464fa10fa4e113b3e952de293b399)
    #5 0x79fec72d9a46  (/usr/lib/x86_64-linux-gnu/libgdal.so.38+0x12d9a46) (BuildId: 5024c91a394464fa10fa4e113b3e952de293b399)
    #6 0x79fec78c01a2 in GDALDataset::CreateLayer(char const*, OGRGeomFieldDefn const*, char const* const*) (/usr/lib/x86_64-linux-gnu/libgdal.so.38+0x18c01a2) (BuildId: 5024c91a394464fa10fa4e113b3e952de293b399)
    #7 0x79fec78c02f8 in GDALDataset::CreateLayer(char const*, OGRSpatialReference const*, OGRwkbGeometryType, char const* const*) (/usr/lib/x86_64-linux-gnu/libgdal.so.38+0x18c02f8) (BuildId: 5024c91a394464fa10fa4e113b3e952de293b399)
    #8 0x5979ff2f03c2 in CSimulation::bWriteVectorGISFile(int, std::__cxx11::basic_string<char, std::char_traits<char>, std::allocator<char> > const*, std::__cxx11::basic_string<char, std::char_traits<char>, std::allocator<char> >) /home/dave/coast/CoastalME/src/gis_vector.cpp:665
    #9 0x5979ff2d4b50 in CSimulation::bSaveAllVectorGISFiles() /home/dave/coast/CoastalME/src/gis_utils.cpp:1412
    #10 0x5979ff47047e in CSimulation::nDoSimulation(int, char const**) /home/dave/coast/CoastalME/src/simulation.cpp:1323
    #11 0x5979ff109b6d in main /home/dave/coast/CoastalME/src/cme.cpp:45
    #12 0x79fec502a600 in __libc_start_call_main ../sysdeps/nptl/libc_start_call_main.h:59
    #13 0x79fec502a717 in __libc_start_main_impl ../csu/libc-start.c:360
    #14 0x5979fefc7b84 in _start (/home/dave/coast/CoastalME/cme+0xb39b84) (BuildId: 97d2d8cd42157b9ef58d8bf687c85254bc09c5fe)

Indirect leak of 96 byte(s) in 8 object(s) allocated from:
    #0 0x79fec852b60f in malloc ../../../../src/libsanitizer/asan/asan_malloc_linux.cpp:67
    #1 0x79fec6635efe in VSIStrdup (/usr/lib/x86_64-linux-gnu/libgdal.so.38+0x635efe) (BuildId: 5024c91a394464fa10fa4e113b3e952de293b399)
    #2 0x79fec663de0e in VSIStrdupVerbose (/usr/lib/x86_64-linux-gnu/libgdal.so.38+0x63de0e) (BuildId: 5024c91a394464fa10fa4e113b3e952de293b399)
    #3 0x79fec663deaa in CSLAddStringMayFail (/usr/lib/x86_64-linux-gnu/libgdal.so.38+0x63deaa) (BuildId: 5024c91a394464fa10fa4e113b3e952de293b399)
    #4 0x79fec663df64 in CSLAddString (/usr/lib/x86_64-linux-gnu/libgdal.so.38+0x63df64) (BuildId: 5024c91a394464fa10fa4e113b3e952de293b399)
    #5 0x5979ff2b0bb8 in CSimulation::bWriteRasterGISFile(int, std::__cxx11::basic_string<char, std::char_traits<char>, std::allocator<char> > const*, int, double, std::__cxx11::basic_string<char, std::char_traits<char>, std::allocator<char> >) /home/dave/coast/CoastalME/src/gis_raster.cpp:2046
    #6 0x5979ff2cf02c in CSimulation::bSaveAllRasterGISFiles() /home/dave/coast/CoastalME/src/gis_utils.cpp:1072
    #7 0x5979ff470442 in CSimulation::nDoSimulation(int, char const**) /home/dave/coast/CoastalME/src/simulation.cpp:1316
    #8 0x5979ff109b6d in main /home/dave/coast/CoastalME/src/cme.cpp:45
    #9 0x79fec502a600 in __libc_start_call_main ../sysdeps/nptl/libc_start_call_main.h:59
    #10 0x79fec502a717 in __libc_start_main_impl ../csu/libc-start.c:360
    #11 0x5979fefc7b84 in _start (/home/dave/coast/CoastalME/cme+0xb39b84) (BuildId: 97d2d8cd42157b9ef58d8bf687c85254bc09c5fe)

Indirect leak of 88 byte(s) in 8 object(s) allocated from:
    #0 0x79fec852b60f in malloc ../../../../src/libsanitizer/asan/asan_malloc_linux.cpp:67
    #1 0x79fec6635efe in VSIStrdup (/usr/lib/x86_64-linux-gnu/libgdal.so.38+0x635efe) (BuildId: 5024c91a394464fa10fa4e113b3e952de293b399)
    #2 0x79fec663de0e in VSIStrdupVerbose (/usr/lib/x86_64-linux-gnu/libgdal.so.38+0x63de0e) (BuildId: 5024c91a394464fa10fa4e113b3e952de293b399)
    #3 0x79fec663deaa in CSLAddStringMayFail (/usr/lib/x86_64-linux-gnu/libgdal.so.38+0x63deaa) (BuildId: 5024c91a394464fa10fa4e113b3e952de293b399)
    #4 0x79fec663df64 in CSLAddString (/usr/lib/x86_64-linux-gnu/libgdal.so.38+0x63df64) (BuildId: 5024c91a394464fa10fa4e113b3e952de293b399)
    #5 0x5979ff2b0c9a in CSimulation::bWriteRasterGISFile(int, std::__cxx11::basic_string<char, std::char_traits<char>, std::allocator<char> > const*, int, double, std::__cxx11::basic_string<char, std::char_traits<char>, std::allocator<char> >) /home/dave/coast/CoastalME/src/gis_raster.cpp:2075
    #6 0x5979ff2d2023 in CSimulation::bSaveAllRasterGISFiles() /home/dave/coast/CoastalME/src/gis_utils.cpp:1263
    #7 0x5979ff470442 in CSimulation::nDoSimulation(int, char const**) /home/dave/coast/CoastalME/src/simulation.cpp:1316
    #8 0x5979ff109b6d in main /home/dave/coast/CoastalME/src/cme.cpp:45
    #9 0x79fec502a600 in __libc_start_call_main ../sysdeps/nptl/libc_start_call_main.h:59
    #10 0x79fec502a717 in __libc_start_main_impl ../csu/libc-start.c:360
    #11 0x5979fefc7b84 in _start (/home/dave/coast/CoastalME/cme+0xb39b84) (BuildId: 97d2d8cd42157b9ef58d8bf687c85254bc09c5fe)

Indirect leak of 88 byte(s) in 8 object(s) allocated from:
    #0 0x79fec852b60f in malloc ../../../../src/libsanitizer/asan/asan_malloc_linux.cpp:67
    #1 0x79fec6635efe in VSIStrdup (/usr/lib/x86_64-linux-gnu/libgdal.so.38+0x635efe) (BuildId: 5024c91a394464fa10fa4e113b3e952de293b399)
    #2 0x79fec663de0e in VSIStrdupVerbose (/usr/lib/x86_64-linux-gnu/libgdal.so.38+0x63de0e) (BuildId: 5024c91a394464fa10fa4e113b3e952de293b399)
    #3 0x79fec663deaa in CSLAddStringMayFail (/usr/lib/x86_64-linux-gnu/libgdal.so.38+0x63deaa) (BuildId: 5024c91a394464fa10fa4e113b3e952de293b399)
    #4 0x79fec663df64 in CSLAddString (/usr/lib/x86_64-linux-gnu/libgdal.so.38+0x63df64) (BuildId: 5024c91a394464fa10fa4e113b3e952de293b399)
    #5 0x5979ff2b0b4f in CSimulation::bWriteRasterGISFile(int, std::__cxx11::basic_string<char, std::char_traits<char>, std::allocator<char> > const*, int, double, std::__cxx11::basic_string<char, std::char_traits<char>, std::allocator<char> >) /home/dave/coast/CoastalME/src/gis_raster.cpp:2037
    #6 0x5979ff2cf02c in CSimulation::bSaveAllRasterGISFiles() /home/dave/coast/CoastalME/src/gis_utils.cpp:1072
    #7 0x5979ff470442 in CSimulation::nDoSimulation(int, char const**) /home/dave/coast/CoastalME/src/simulation.cpp:1316
    #8 0x5979ff109b6d in main /home/dave/coast/CoastalME/src/cme.cpp:45
    #9 0x79fec502a600 in __libc_start_call_main ../sysdeps/nptl/libc_start_call_main.h:59
    #10 0x79fec502a717 in __libc_start_main_impl ../csu/libc-start.c:360
    #11 0x5979fefc7b84 in _start (/home/dave/coast/CoastalME/cme+0xb39b84) (BuildId: 97d2d8cd42157b9ef58d8bf687c85254bc09c5fe)

Indirect leak of 88 byte(s) in 8 object(s) allocated from:
    #0 0x79fec852b60f in malloc ../../../../src/libsanitizer/asan/asan_malloc_linux.cpp:67
    #1 0x79fec6635efe in VSIStrdup (/usr/lib/x86_64-linux-gnu/libgdal.so.38+0x635efe) (BuildId: 5024c91a394464fa10fa4e113b3e952de293b399)
    #2 0x79fec663de0e in VSIStrdupVerbose (/usr/lib/x86_64-linux-gnu/libgdal.so.38+0x63de0e) (BuildId: 5024c91a394464fa10fa4e113b3e952de293b399)
    #3 0x79fec663deaa in CSLAddStringMayFail (/usr/lib/x86_64-linux-gnu/libgdal.so.38+0x63deaa) (BuildId: 5024c91a394464fa10fa4e113b3e952de293b399)
    #4 0x79fec663df64 in CSLAddString (/usr/lib/x86_64-linux-gnu/libgdal.so.38+0x63df64) (BuildId: 5024c91a394464fa10fa4e113b3e952de293b399)
    #5 0x5979ff2b0c0d in CSimulation::bWriteRasterGISFile(int, std::__cxx11::basic_string<char, std::char_traits<char>, std::allocator<char> > const*, int, double, std::__cxx11::basic_string<char, std::char_traits<char>, std::allocator<char> >) /home/dave/coast/CoastalME/src/gis_raster.cpp:2054
    #6 0x5979ff2d2302 in CSimulation::bSaveAllRasterGISFiles() /home/dave/coast/CoastalME/src/gis_utils.cpp:1281
    #7 0x5979ff470442 in CSimulation::nDoSimulation(int, char const**) /home/dave/coast/CoastalME/src/simulation.cpp:1316
    #8 0x5979ff109b6d in main /home/dave/coast/CoastalME/src/cme.cpp:45
    #9 0x79fec502a600 in __libc_start_call_main ../sysdeps/nptl/libc_start_call_main.h:59
    #10 0x79fec502a717 in __libc_start_main_impl ../csu/libc-start.c:360
    #11 0x5979fefc7b84 in _start (/home/dave/coast/CoastalME/cme+0xb39b84) (BuildId: 97d2d8cd42157b9ef58d8bf687c85254bc09c5fe)

Indirect leak of 80 byte(s) in 8 object(s) allocated from:
    #0 0x79fec852b60f in malloc ../../../../src/libsanitizer/asan/asan_malloc_linux.cpp:67
    #1 0x79fec6635efe in VSIStrdup (/usr/lib/x86_64-linux-gnu/libgdal.so.38+0x635efe) (BuildId: 5024c91a394464fa10fa4e113b3e952de293b399)
    #2 0x79fec663de0e in VSIStrdupVerbose (/usr/lib/x86_64-linux-gnu/libgdal.so.38+0x63de0e) (BuildId: 5024c91a394464fa10fa4e113b3e952de293b399)
    #3 0x79fec663deaa in CSLAddStringMayFail (/usr/lib/x86_64-linux-gnu/libgdal.so.38+0x63deaa) (BuildId: 5024c91a394464fa10fa4e113b3e952de293b399)
    #4 0x79fec663df64 in CSLAddString (/usr/lib/x86_64-linux-gnu/libgdal.so.38+0x63df64) (BuildId: 5024c91a394464fa10fa4e113b3e952de293b399)
    #5 0x5979ff2b0c33 in CSimulation::bWriteRasterGISFile(int, std::__cxx11::basic_string<char, std::char_traits<char>, std::allocator<char> > const*, int, double, std::__cxx11::basic_string<char, std::char_traits<char>, std::allocator<char> >) /home/dave/coast/CoastalME/src/gis_raster.cpp:2060
    #6 0x5979ff2d10dc in CSimulation::bSaveAllRasterGISFiles() /home/dave/coast/CoastalME/src/gis_utils.cpp:1157
    #7 0x5979ff470442 in CSimulation::nDoSimulation(int, char const**) /home/dave/coast/CoastalME/src/simulation.cpp:1316
    #8 0x5979ff109b6d in main /home/dave/coast/CoastalME/src/cme.cpp:45
    #9 0x79fec502a600 in __libc_start_call_main ../sysdeps/nptl/libc_start_call_main.h:59
    #10 0x79fec502a717 in __libc_start_main_impl ../csu/libc-start.c:360
    #11 0x5979fefc7b84 in _start (/home/dave/coast/CoastalME/cme+0xb39b84) (BuildId: 97d2d8cd42157b9ef58d8bf687c85254bc09c5fe)

Indirect leak of 64 byte(s) in 8 object(s) allocated from:
    #0 0x79fec852c73f in operator new(unsigned long) ../../../../src/libsanitizer/asan/asan_new_delete.cpp:109
    #1 0x79fec68b2a49  (/usr/lib/x86_64-linux-gnu/libgdal.so.38+0x8b2a49) (BuildId: 5024c91a394464fa10fa4e113b3e952de293b399)
    #2 0x79fec68b8258 in OGRFeatureDefn::AddFieldDefn(OGRFieldDefn const*) (/usr/lib/x86_64-linux-gnu/libgdal.so.38+0x8b8258) (BuildId: 5024c91a394464fa10fa4e113b3e952de293b399)
    #3 0x79fec72dcfcf  (/usr/lib/x86_64-linux-gnu/libgdal.so.38+0x12dcfcf) (BuildId: 5024c91a394464fa10fa4e113b3e952de293b399)
    #4 0x5979ff2feacb in CSimulation::bWriteVectorGISFile(int, std::__cxx11::basic_string<char, std::char_traits<char>, std::allocator<char> > const*, std::__cxx11::basic_string<char, std::char_traits<char>, std::allocator<char> >) /home/dave/coast/CoastalME/src/gis_vector.cpp:1069
    #5 0x5979ff2d4b50 in CSimulation::bSaveAllVectorGISFiles() /home/dave/coast/CoastalME/src/gis_utils.cpp:1412
    #6 0x5979ff47047e in CSimulation::nDoSimulation(int, char const**) /home/dave/coast/CoastalME/src/simulation.cpp:1323
    #7 0x5979ff109b6d in main /home/dave/coast/CoastalME/src/cme.cpp:45
    #8 0x79fec502a600 in __libc_start_call_main ../sysdeps/nptl/libc_start_call_main.h:59
    #9 0x79fec502a717 in __libc_start_main_impl ../csu/libc-start.c:360
    #10 0x5979fefc7b84 in _start (/home/dave/coast/CoastalME/cme+0xb39b84) (BuildId: 97d2d8cd42157b9ef58d8bf687c85254bc09c5fe)

Indirect leak of 64 byte(s) in 8 object(s) allocated from:
    #0 0x79fec852c73f in operator new(unsigned long) ../../../../src/libsanitizer/asan/asan_new_delete.cpp:109
    #1 0x79fec68b2b71  (/usr/lib/x86_64-linux-gnu/libgdal.so.38+0x8b2b71) (BuildId: 5024c91a394464fa10fa4e113b3e952de293b399)
    #2 0x79fec68c6600 in OGRFeatureDefn::OGRFeatureDefn(char const*) (/usr/lib/x86_64-linux-gnu/libgdal.so.38+0x8c6600) (BuildId: 5024c91a394464fa10fa4e113b3e952de293b399)
    #3 0x79fec72cf265  (/usr/lib/x86_64-linux-gnu/libgdal.so.38+0x12cf265) (BuildId: 5024c91a394464fa10fa4e113b3e952de293b399)
    #4 0x79fec72d9a46  (/usr/lib/x86_64-linux-gnu/libgdal.so.38+0x12d9a46) (BuildId: 5024c91a394464fa10fa4e113b3e952de293b399)
    #5 0x79fec78c01a2 in GDALDataset::CreateLayer(char const*, OGRGeomFieldDefn const*, char const* const*) (/usr/lib/x86_64-linux-gnu/libgdal.so.38+0x18c01a2) (BuildId: 5024c91a394464fa10fa4e113b3e952de293b399)
    #6 0x79fec78c02f8 in GDALDataset::CreateLayer(char const*, OGRSpatialReference const*, OGRwkbGeometryType, char const* const*) (/usr/lib/x86_64-linux-gnu/libgdal.so.38+0x18c02f8) (BuildId: 5024c91a394464fa10fa4e113b3e952de293b399)
    #7 0x5979ff2f03c2 in CSimulation::bWriteVectorGISFile(int, std::__cxx11::basic_string<char, std::char_traits<char>, std::allocator<char> > const*, std::__cxx11::basic_string<char, std::char_traits<char>, std::allocator<char> >) /home/dave/coast/CoastalME/src/gis_vector.cpp:665
    #8 0x5979ff2d4b50 in CSimulation::bSaveAllVectorGISFiles() /home/dave/coast/CoastalME/src/gis_utils.cpp:1412
    #9 0x5979ff47047e in CSimulation::nDoSimulation(int, char const**) /home/dave/coast/CoastalME/src/simulation.cpp:1323
    #10 0x5979ff109b6d in main /home/dave/coast/CoastalME/src/cme.cpp:45
    #11 0x79fec502a600 in __libc_start_call_main ../sysdeps/nptl/libc_start_call_main.h:59
    #12 0x79fec502a717 in __libc_start_main_impl ../csu/libc-start.c:360
    #13 0x5979fefc7b84 in _start (/home/dave/coast/CoastalME/cme+0xb39b84) (BuildId: 97d2d8cd42157b9ef58d8bf687c85254bc09c5fe)

Indirect leak of 48 byte(s) in 8 object(s) allocated from:
    #0 0x79fec852b60f in malloc ../../../../src/libsanitizer/asan/asan_malloc_linux.cpp:67
    #1 0x79fec6635efe in VSIStrdup (/usr/lib/x86_64-linux-gnu/libgdal.so.38+0x635efe) (BuildId: 5024c91a394464fa10fa4e113b3e952de293b399)
    #2 0x79fec663de0e in VSIStrdupVerbose (/usr/lib/x86_64-linux-gnu/libgdal.so.38+0x63de0e) (BuildId: 5024c91a394464fa10fa4e113b3e952de293b399)
    #3 0x79fec663deaa in CSLAddStringMayFail (/usr/lib/x86_64-linux-gnu/libgdal.so.38+0x63deaa) (BuildId: 5024c91a394464fa10fa4e113b3e952de293b399)
    #4 0x79fec663df64 in CSLAddString (/usr/lib/x86_64-linux-gnu/libgdal.so.38+0x63df64) (BuildId: 5024c91a394464fa10fa4e113b3e952de293b399)
    #5 0x5979ff2b0bc7 in CSimulation::bWriteRasterGISFile(int, std::__cxx11::basic_string<char, std::char_traits<char>, std::allocator<char> > const*, int, double, std::__cxx11::basic_string<char, std::char_traits<char>, std::allocator<char> >) /home/dave/coast/CoastalME/src/gis_raster.cpp:2047
    #6 0x5979ff2cf02c in CSimulation::bSaveAllRasterGISFiles() /home/dave/coast/CoastalME/src/gis_utils.cpp:1072
    #7 0x5979ff470442 in CSimulation::nDoSimulation(int, char const**) /home/dave/coast/CoastalME/src/simulation.cpp:1316
    #8 0x5979ff109b6d in main /home/dave/coast/CoastalME/src/cme.cpp:45
    #9 0x79fec502a600 in __libc_start_call_main ../sysdeps/nptl/libc_start_call_main.h:59
    #10 0x79fec502a717 in __libc_start_main_impl ../csu/libc-start.c:360
    #11 0x5979fefc7b84 in _start (/home/dave/coast/CoastalME/cme+0xb39b84) (BuildId: 97d2d8cd42157b9ef58d8bf687c85254bc09c5fe)

Indirect leak of 48 byte(s) in 8 object(s) allocated from:
    #0 0x79fec852b60f in malloc ../../../../src/libsanitizer/asan/asan_malloc_linux.cpp:67
    #1 0x79fec6635efe in VSIStrdup (/usr/lib/x86_64-linux-gnu/libgdal.so.38+0x635efe) (BuildId: 5024c91a394464fa10fa4e113b3e952de293b399)
    #2 0x79fec663de0e in VSIStrdupVerbose (/usr/lib/x86_64-linux-gnu/libgdal.so.38+0x63de0e) (BuildId: 5024c91a394464fa10fa4e113b3e952de293b399)
    #3 0x79fec663deaa in CSLAddStringMayFail (/usr/lib/x86_64-linux-gnu/libgdal.so.38+0x63deaa) (BuildId: 5024c91a394464fa10fa4e113b3e952de293b399)
    #4 0x79fec663df64 in CSLAddString (/usr/lib/x86_64-linux-gnu/libgdal.so.38+0x63df64) (BuildId: 5024c91a394464fa10fa4e113b3e952de293b399)
    #5 0x5979ff2b0bd6 in CSimulation::bWriteRasterGISFile(int, std::__cxx11::basic_string<char, std::char_traits<char>, std::allocator<char> > const*, int, double, std::__cxx11::basic_string<char, std::char_traits<char>, std::allocator<char> >) /home/dave/coast/CoastalME/src/gis_raster.cpp:2048
    #6 0x5979ff2cf02c in CSimulation::bSaveAllRasterGISFiles() /home/dave/coast/CoastalME/src/gis_utils.cpp:1072
    #7 0x5979ff470442 in CSimulation::nDoSimulation(int, char const**) /home/dave/coast/CoastalME/src/simulation.cpp:1316
    #8 0x5979ff109b6d in main /home/dave/coast/CoastalME/src/cme.cpp:45
    #9 0x79fec502a600 in __libc_start_call_main ../sysdeps/nptl/libc_start_call_main.h:59
    #10 0x79fec502a717 in __libc_start_main_impl ../csu/libc-start.c:360
    #11 0x5979fefc7b84 in _start (/home/dave/coast/CoastalME/cme+0xb39b84) (BuildId: 97d2d8cd42157b9ef58d8bf687c85254bc09c5fe)

Indirect leak of 48 byte(s) in 8 object(s) allocated from:
    #0 0x79fec852b60f in malloc ../../../../src/libsanitizer/asan/asan_malloc_linux.cpp:67
    #1 0x79fec6635efe in VSIStrdup (/usr/lib/x86_64-linux-gnu/libgdal.so.38+0x635efe) (BuildId: 5024c91a394464fa10fa4e113b3e952de293b399)
    #2 0x79fec663de0e in VSIStrdupVerbose (/usr/lib/x86_64-linux-gnu/libgdal.so.38+0x63de0e) (BuildId: 5024c91a394464fa10fa4e113b3e952de293b399)
    #3 0x79fec663deaa in CSLAddStringMayFail (/usr/lib/x86_64-linux-gnu/libgdal.so.38+0x63deaa) (BuildId: 5024c91a394464fa10fa4e113b3e952de293b399)
    #4 0x79fec663df64 in CSLAddString (/usr/lib/x86_64-linux-gnu/libgdal.so.38+0x63df64) (BuildId: 5024c91a394464fa10fa4e113b3e952de293b399)
    #5 0x5979ff2b0b7c in CSimulation::bWriteRasterGISFile(int, std::__cxx11::basic_string<char, std::char_traits<char>, std::allocator<char> > const*, int, double, std::__cxx11::basic_string<char, std::char_traits<char>, std::allocator<char> >) /home/dave/coast/CoastalME/src/gis_raster.cpp:2040
    #6 0x5979ff2cf02c in CSimulation::bSaveAllRasterGISFiles() /home/dave/coast/CoastalME/src/gis_utils.cpp:1072
    #7 0x5979ff470442 in CSimulation::nDoSimulation(int, char const**) /home/dave/coast/CoastalME/src/simulation.cpp:1316
    #8 0x5979ff109b6d in main /home/dave/coast/CoastalME/src/cme.cpp:45
    #9 0x79fec502a600 in __libc_start_call_main ../sysdeps/nptl/libc_start_call_main.h:59
    #10 0x79fec502a717 in __libc_start_main_impl ../csu/libc-start.c:360
    #11 0x5979fefc7b84 in _start (/home/dave/coast/CoastalME/cme+0xb39b84) (BuildId: 97d2d8cd42157b9ef58d8bf687c85254bc09c5fe)

Indirect leak of 48 byte(s) in 8 object(s) allocated from:
    #0 0x79fec852b60f in malloc ../../../../src/libsanitizer/asan/asan_malloc_linux.cpp:67
    #1 0x79fec6635efe in VSIStrdup (/usr/lib/x86_64-linux-gnu/libgdal.so.38+0x635efe) (BuildId: 5024c91a394464fa10fa4e113b3e952de293b399)
    #2 0x79fec663de0e in VSIStrdupVerbose (/usr/lib/x86_64-linux-gnu/libgdal.so.38+0x63de0e) (BuildId: 5024c91a394464fa10fa4e113b3e952de293b399)
    #3 0x79fec663deaa in CSLAddStringMayFail (/usr/lib/x86_64-linux-gnu/libgdal.so.38+0x63deaa) (BuildId: 5024c91a394464fa10fa4e113b3e952de293b399)
    #4 0x79fec663df64 in CSLAddString (/usr/lib/x86_64-linux-gnu/libgdal.so.38+0x63df64) (BuildId: 5024c91a394464fa10fa4e113b3e952de293b399)
    #5 0x5979ff2b0b6d in CSimulation::bWriteRasterGISFile(int, std::__cxx11::basic_string<char, std::char_traits<char>, std::allocator<char> > const*, int, double, std::__cxx11::basic_string<char, std::char_traits<char>, std::allocator<char> >) /home/dave/coast/CoastalME/src/gis_raster.cpp:2039
    #6 0x5979ff2cf02c in CSimulation::bSaveAllRasterGISFiles() /home/dave/coast/CoastalME/src/gis_utils.cpp:1072
    #7 0x5979ff470442 in CSimulation::nDoSimulation(int, char const**) /home/dave/coast/CoastalME/src/simulation.cpp:1316
    #8 0x5979ff109b6d in main /home/dave/coast/CoastalME/src/cme.cpp:45
    #9 0x79fec502a600 in __libc_start_call_main ../sysdeps/nptl/libc_start_call_main.h:59
    #10 0x79fec502a717 in __libc_start_main_impl ../csu/libc-start.c:360
    #11 0x5979fefc7b84 in _start (/home/dave/coast/CoastalME/cme+0xb39b84) (BuildId: 97d2d8cd42157b9ef58d8bf687c85254bc09c5fe)

Indirect leak of 48 byte(s) in 8 object(s) allocated from:
    #0 0x79fec852b60f in malloc ../../../../src/libsanitizer/asan/asan_malloc_linux.cpp:67
    #1 0x79fec6635efe in VSIStrdup (/usr/lib/x86_64-linux-gnu/libgdal.so.38+0x635efe) (BuildId: 5024c91a394464fa10fa4e113b3e952de293b399)
    #2 0x79fec663de0e in VSIStrdupVerbose (/usr/lib/x86_64-linux-gnu/libgdal.so.38+0x63de0e) (BuildId: 5024c91a394464fa10fa4e113b3e952de293b399)
    #3 0x79fec663deaa in CSLAddStringMayFail (/usr/lib/x86_64-linux-gnu/libgdal.so.38+0x63deaa) (BuildId: 5024c91a394464fa10fa4e113b3e952de293b399)
    #4 0x79fec663df64 in CSLAddString (/usr/lib/x86_64-linux-gnu/libgdal.so.38+0x63df64) (BuildId: 5024c91a394464fa10fa4e113b3e952de293b399)
    #5 0x5979ff2b0be5 in CSimulation::bWriteRasterGISFile(int, std::__cxx11::basic_string<char, std::char_traits<char>, std::allocator<char> > const*, int, double, std::__cxx11::basic_string<char, std::char_traits<char>, std::allocator<char> >) /home/dave/coast/CoastalME/src/gis_raster.cpp:2049
    #6 0x5979ff2cf02c in CSimulation::bSaveAllRasterGISFiles() /home/dave/coast/CoastalME/src/gis_utils.cpp:1072
    #7 0x5979ff470442 in CSimulation::nDoSimulation(int, char const**) /home/dave/coast/CoastalME/src/simulation.cpp:1316
    #8 0x5979ff109b6d in main /home/dave/coast/CoastalME/src/cme.cpp:45
    #9 0x79fec502a600 in __libc_start_call_main ../sysdeps/nptl/libc_start_call_main.h:59
    #10 0x79fec502a717 in __libc_start_main_impl ../csu/libc-start.c:360
    #11 0x5979fefc7b84 in _start (/home/dave/coast/CoastalME/cme+0xb39b84) (BuildId: 97d2d8cd42157b9ef58d8bf687c85254bc09c5fe)

Indirect leak of 46 byte(s) in 1 object(s) allocated from:
    #0 0x79fec852b60f in malloc ../../../../src/libsanitizer/asan/asan_malloc_linux.cpp:67
    #1 0x79fec6635efe in VSIStrdup (/usr/lib/x86_64-linux-gnu/libgdal.so.38+0x635efe) (BuildId: 5024c91a394464fa10fa4e113b3e952de293b399)
    #2 0x79fec663de0e in VSIStrdupVerbose (/usr/lib/x86_64-linux-gnu/libgdal.so.38+0x63de0e) (BuildId: 5024c91a394464fa10fa4e113b3e952de293b399)
    #3 0x79fec663deaa in CSLAddStringMayFail (/usr/lib/x86_64-linux-gnu/libgdal.so.38+0x63deaa) (BuildId: 5024c91a394464fa10fa4e113b3e952de293b399)
    #4 0x79fec663df64 in CSLAddString (/usr/lib/x86_64-linux-gnu/libgdal.so.38+0x63df64) (BuildId: 5024c91a394464fa10fa4e113b3e952de293b399)
    #5 0x5979ff2b0d01 in CSimulation::bWriteRasterGISFile(int, std::__cxx11::basic_string<char, std::char_traits<char>, std::allocator<char> > const*, int, double, std::__cxx11::basic_string<char, std::char_traits<char>, std::allocator<char> >) /home/dave/coast/CoastalME/src/gis_raster.cpp:2090
    #6 0x5979ff2d2982 in CSimulation::bSaveAllRasterGISFiles() /home/dave/coast/CoastalME/src/gis_utils.cpp:1320
    #7 0x5979ff4f721a in CSimulation::DoSimulationEnd(int) /home/dave/coast/CoastalME/src/utils.cpp:2391
    #8 0x5979ff109b85 in main /home/dave/coast/CoastalME/src/cme.cpp:46
    #9 0x79fec502a600 in __libc_start_call_main ../sysdeps/nptl/libc_start_call_main.h:59
    #10 0x79fec502a717 in __libc_start_main_impl ../csu/libc-start.c:360
    #11 0x5979fefc7b84 in _start (/home/dave/coast/CoastalME/cme+0xb39b84) (BuildId: 97d2d8cd42157b9ef58d8bf687c85254bc09c5fe)

Indirect leak of 45 byte(s) in 1 object(s) allocated from:
    #0 0x79fec852b60f in malloc ../../../../src/libsanitizer/asan/asan_malloc_linux.cpp:67
    #1 0x79fec6635efe in VSIStrdup (/usr/lib/x86_64-linux-gnu/libgdal.so.38+0x635efe) (BuildId: 5024c91a394464fa10fa4e113b3e952de293b399)
    #2 0x79fec663de0e in VSIStrdupVerbose (/usr/lib/x86_64-linux-gnu/libgdal.so.38+0x63de0e) (BuildId: 5024c91a394464fa10fa4e113b3e952de293b399)
    #3 0x79fec663deaa in CSLAddStringMayFail (/usr/lib/x86_64-linux-gnu/libgdal.so.38+0x63deaa) (BuildId: 5024c91a394464fa10fa4e113b3e952de293b399)
    #4 0x79fec663df64 in CSLAddString (/usr/lib/x86_64-linux-gnu/libgdal.so.38+0x63df64) (BuildId: 5024c91a394464fa10fa4e113b3e952de293b399)
    #5 0x5979ff2b0cf2 in CSimulation::bWriteRasterGISFile(int, std::__cxx11::basic_string<char, std::char_traits<char>, std::allocator<char> > const*, int, double, std::__cxx11::basic_string<char, std::char_traits<char>, std::allocator<char> >) /home/dave/coast/CoastalME/src/gis_raster.cpp:2089
    #6 0x5979ff2d2982 in CSimulation::bSaveAllRasterGISFiles() /home/dave/coast/CoastalME/src/gis_utils.cpp:1320
    #7 0x5979ff4f721a in CSimulation::DoSimulationEnd(int) /home/dave/coast/CoastalME/src/utils.cpp:2391
    #8 0x5979ff109b85 in main /home/dave/coast/CoastalME/src/cme.cpp:46
    #9 0x79fec502a600 in __libc_start_call_main ../sysdeps/nptl/libc_start_call_main.h:59
    #10 0x79fec502a717 in __libc_start_main_impl ../csu/libc-start.c:360
    #11 0x5979fefc7b84 in _start (/home/dave/coast/CoastalME/cme+0xb39b84) (BuildId: 97d2d8cd42157b9ef58d8bf687c85254bc09c5fe)

Indirect leak of 40 byte(s) in 8 object(s) allocated from:
    #0 0x79fec852b60f in malloc ../../../../src/libsanitizer/asan/asan_malloc_linux.cpp:67
    #1 0x79fec6635efe in VSIStrdup (/usr/lib/x86_64-linux-gnu/libgdal.so.38+0x635efe) (BuildId: 5024c91a394464fa10fa4e113b3e952de293b399)
    #2 0x79fec663de0e in VSIStrdupVerbose (/usr/lib/x86_64-linux-gnu/libgdal.so.38+0x63de0e) (BuildId: 5024c91a394464fa10fa4e113b3e952de293b399)
    #3 0x79fec663deaa in CSLAddStringMayFail (/usr/lib/x86_64-linux-gnu/libgdal.so.38+0x63deaa) (BuildId: 5024c91a394464fa10fa4e113b3e952de293b399)
    #4 0x79fec663df64 in CSLAddString (/usr/lib/x86_64-linux-gnu/libgdal.so.38+0x63df64) (BuildId: 5024c91a394464fa10fa4e113b3e952de293b399)
    #5 0x5979ff2b0b40 in CSimulation::bWriteRasterGISFile(int, std::__cxx11::basic_string<char, std::char_traits<char>, std::allocator<char> > const*, int, double, std::__cxx11::basic_string<char, std::char_traits<char>, std::allocator<char> >) /home/dave/coast/CoastalME/src/gis_raster.cpp:2036
    #6 0x5979ff2cf02c in CSimulation::bSaveAllRasterGISFiles() /home/dave/coast/CoastalME/src/gis_utils.cpp:1072
    #7 0x5979ff470442 in CSimulation::nDoSimulation(int, char const**) /home/dave/coast/CoastalME/src/simulation.cpp:1316
    #8 0x5979ff109b6d in main /home/dave/coast/CoastalME/src/cme.cpp:45
    #9 0x79fec502a600 in __libc_start_call_main ../sysdeps/nptl/libc_start_call_main.h:59
    #10 0x79fec502a717 in __libc_start_main_impl ../csu/libc-start.c:360
    #11 0x5979fefc7b84 in _start (/home/dave/coast/CoastalME/cme+0xb39b84) (BuildId: 97d2d8cd42157b9ef58d8bf687c85254bc09c5fe)

Indirect leak of 40 byte(s) in 8 object(s) allocated from:
    #0 0x79fec852b60f in malloc ../../../../src/libsanitizer/asan/asan_malloc_linux.cpp:67
    #1 0x79fec6635efe in VSIStrdup (/usr/lib/x86_64-linux-gnu/libgdal.so.38+0x635efe) (BuildId: 5024c91a394464fa10fa4e113b3e952de293b399)
    #2 0x79fec663de0e in VSIStrdupVerbose (/usr/lib/x86_64-linux-gnu/libgdal.so.38+0x63de0e) (BuildId: 5024c91a394464fa10fa4e113b3e952de293b399)
    #3 0x79fec663deaa in CSLAddStringMayFail (/usr/lib/x86_64-linux-gnu/libgdal.so.38+0x63deaa) (BuildId: 5024c91a394464fa10fa4e113b3e952de293b399)
    #4 0x79fec663df64 in CSLAddString (/usr/lib/x86_64-linux-gnu/libgdal.so.38+0x63df64) (BuildId: 5024c91a394464fa10fa4e113b3e952de293b399)
    #5 0x5979ff2b0bfe in CSimulation::bWriteRasterGISFile(int, std::__cxx11::basic_string<char, std::char_traits<char>, std::allocator<char> > const*, int, double, std::__cxx11::basic_string<char, std::char_traits<char>, std::allocator<char> >) /home/dave/coast/CoastalME/src/gis_raster.cpp:2053
    #6 0x5979ff2d2302 in CSimulation::bSaveAllRasterGISFiles() /home/dave/coast/CoastalME/src/gis_utils.cpp:1281
    #7 0x5979ff470442 in CSimulation::nDoSimulation(int, char const**) /home/dave/coast/CoastalME/src/simulation.cpp:1316
    #8 0x5979ff109b6d in main /home/dave/coast/CoastalME/src/cme.cpp:45
    #9 0x79fec502a600 in __libc_start_call_main ../sysdeps/nptl/libc_start_call_main.h:59
    #10 0x79fec502a717 in __libc_start_main_impl ../csu/libc-start.c:360
    #11 0x5979fefc7b84 in _start (/home/dave/coast/CoastalME/cme+0xb39b84) (BuildId: 97d2d8cd42157b9ef58d8bf687c85254bc09c5fe)

Indirect leak of 40 byte(s) in 8 object(s) allocated from:
    #0 0x79fec852b60f in malloc ../../../../src/libsanitizer/asan/asan_malloc_linux.cpp:67
    #1 0x79fec6638eeb in CPLMalloc (/usr/lib/x86_64-linux-gnu/libgdal.so.38+0x638eeb) (BuildId: 5024c91a394464fa10fa4e113b3e952de293b399)
    #2 0x79fec6639103 in CPLStrdup (/usr/lib/x86_64-linux-gnu/libgdal.so.38+0x639103) (BuildId: 5024c91a394464fa10fa4e113b3e952de293b399)
    #3 0x79fec68b8134 in OGRFieldDefn::OGRFieldDefn(OGRFieldDefn const*) (/usr/lib/x86_64-linux-gnu/libgdal.so.38+0x8b8134) (BuildId: 5024c91a394464fa10fa4e113b3e952de293b399)
    #4 0x79fec68b8248 in OGRFeatureDefn::AddFieldDefn(OGRFieldDefn const*) (/usr/lib/x86_64-linux-gnu/libgdal.so.38+0x8b8248) (BuildId: 5024c91a394464fa10fa4e113b3e952de293b399)
    #5 0x79fec72dcfcf  (/usr/lib/x86_64-linux-gnu/libgdal.so.38+0x12dcfcf) (BuildId: 5024c91a394464fa10fa4e113b3e952de293b399)
    #6 0x5979ff2feacb in CSimulation::bWriteVectorGISFile(int, std::__cxx11::basic_string<char, std::char_traits<char>, std::allocator<char> > const*, std::__cxx11::basic_string<char, std::char_traits<char>, std::allocator<char> >) /home/dave/coast/CoastalME/src/gis_vector.cpp:1069
    #7 0x5979ff2d4b50 in CSimulation::bSaveAllVectorGISFiles() /home/dave/coast/CoastalME/src/gis_utils.cpp:1412
    #8 0x5979ff47047e in CSimulation::nDoSimulation(int, char const**) /home/dave/coast/CoastalME/src/simulation.cpp:1323
    #9 0x5979ff109b6d in main /home/dave/coast/CoastalME/src/cme.cpp:45
    #10 0x79fec502a600 in __libc_start_call_main ../sysdeps/nptl/libc_start_call_main.h:59
    #11 0x79fec502a717 in __libc_start_main_impl ../csu/libc-start.c:360
    #12 0x5979fefc7b84 in _start (/home/dave/coast/CoastalME/cme+0xb39b84) (BuildId: 97d2d8cd42157b9ef58d8bf687c85254bc09c5fe)

Indirect leak of 32 byte(s) in 8 object(s) allocated from:
    #0 0x79fec852b60f in malloc ../../../../src/libsanitizer/asan/asan_malloc_linux.cpp:67
    #1 0x79fec6635efe in VSIStrdup (/usr/lib/x86_64-linux-gnu/libgdal.so.38+0x635efe) (BuildId: 5024c91a394464fa10fa4e113b3e952de293b399)
    #2 0x79fec663de0e in VSIStrdupVerbose (/usr/lib/x86_64-linux-gnu/libgdal.so.38+0x63de0e) (BuildId: 5024c91a394464fa10fa4e113b3e952de293b399)
    #3 0x79fec663deaa in CSLAddStringMayFail (/usr/lib/x86_64-linux-gnu/libgdal.so.38+0x63deaa) (BuildId: 5024c91a394464fa10fa4e113b3e952de293b399)
    #4 0x79fec663df64 in CSLAddString (/usr/lib/x86_64-linux-gnu/libgdal.so.38+0x63df64) (BuildId: 5024c91a394464fa10fa4e113b3e952de293b399)
    #5 0x5979ff2b0b5e in CSimulation::bWriteRasterGISFile(int, std::__cxx11::basic_string<char, std::char_traits<char>, std::allocator<char> > const*, int, double, std::__cxx11::basic_string<char, std::char_traits<char>, std::allocator<char> >) /home/dave/coast/CoastalME/src/gis_raster.cpp:2038
    #6 0x5979ff2cf02c in CSimulation::bSaveAllRasterGISFiles() /home/dave/coast/CoastalME/src/gis_utils.cpp:1072
    #7 0x5979ff470442 in CSimulation::nDoSimulation(int, char const**) /home/dave/coast/CoastalME/src/simulation.cpp:1316
    #8 0x5979ff109b6d in main /home/dave/coast/CoastalME/src/cme.cpp:45
    #9 0x79fec502a600 in __libc_start_call_main ../sysdeps/nptl/libc_start_call_main.h:59
    #10 0x79fec502a717 in __libc_start_main_impl ../csu/libc-start.c:360
    #11 0x5979fefc7b84 in _start (/home/dave/coast/CoastalME/cme+0xb39b84) (BuildId: 97d2d8cd42157b9ef58d8bf687c85254bc09c5fe)

Indirect leak of 29 byte(s) in 1 object(s) allocated from:
    #0 0x79fec852b60f in malloc ../../../../src/libsanitizer/asan/asan_malloc_linux.cpp:67
    #1 0x79fec6635efe in VSIStrdup (/usr/lib/x86_64-linux-gnu/libgdal.so.38+0x635efe) (BuildId: 5024c91a394464fa10fa4e113b3e952de293b399)
    #2 0x79fec663de0e in VSIStrdupVerbose (/usr/lib/x86_64-linux-gnu/libgdal.so.38+0x63de0e) (BuildId: 5024c91a394464fa10fa4e113b3e952de293b399)
    #3 0x79fec663deaa in CSLAddStringMayFail (/usr/lib/x86_64-linux-gnu/libgdal.so.38+0x63deaa) (BuildId: 5024c91a394464fa10fa4e113b3e952de293b399)
    #4 0x79fec663df64 in CSLAddString (/usr/lib/x86_64-linux-gnu/libgdal.so.38+0x63df64) (BuildId: 5024c91a394464fa10fa4e113b3e952de293b399)
    #5 0x5979ff2b0a1d in CSimulation::bWriteRasterGISFile(int, std::__cxx11::basic_string<char, std::char_traits<char>, std::allocator<char> > const*, int, double, std::__cxx11::basic_string<char, std::char_traits<char>, std::allocator<char> >) /home/dave/coast/CoastalME/src/gis_raster.cpp:2064
    #6 0x5979ff2d11d1 in CSimulation::bSaveAllRasterGISFiles() /home/dave/coast/CoastalME/src/gis_utils.cpp:1163
    #7 0x5979ff4f721a in CSimulation::DoSimulationEnd(int) /home/dave/coast/CoastalME/src/utils.cpp:2391
    #8 0x5979ff109b85 in main /home/dave/coast/CoastalME/src/cme.cpp:46
    #9 0x79fec502a600 in __libc_start_call_main ../sysdeps/nptl/libc_start_call_main.h:59
    #10 0x79fec502a717 in __libc_start_main_impl ../csu/libc-start.c:360
    #11 0x5979fefc7b84 in _start (/home/dave/coast/CoastalME/cme+0xb39b84) (BuildId: 97d2d8cd42157b9ef58d8bf687c85254bc09c5fe)

Indirect leak of 29 byte(s) in 1 object(s) allocated from:
    #0 0x79fec852b60f in malloc ../../../../src/libsanitizer/asan/asan_malloc_linux.cpp:67
    #1 0x79fec6635efe in VSIStrdup (/usr/lib/x86_64-linux-gnu/libgdal.so.38+0x635efe) (BuildId: 5024c91a394464fa10fa4e113b3e952de293b399)
    #2 0x79fec663de0e in VSIStrdupVerbose (/usr/lib/x86_64-linux-gnu/libgdal.so.38+0x63de0e) (BuildId: 5024c91a394464fa10fa4e113b3e952de293b399)
    #3 0x79fec663deaa in CSLAddStringMayFail (/usr/lib/x86_64-linux-gnu/libgdal.so.38+0x63deaa) (BuildId: 5024c91a394464fa10fa4e113b3e952de293b399)
    #4 0x79fec663df64 in CSLAddString (/usr/lib/x86_64-linux-gnu/libgdal.so.38+0x63df64) (BuildId: 5024c91a394464fa10fa4e113b3e952de293b399)
    #5 0x5979ff2b0a5a in CSimulation::bWriteRasterGISFile(int, std::__cxx11::basic_string<char, std::char_traits<char>, std::allocator<char> > const*, int, double, std::__cxx11::basic_string<char, std::char_traits<char>, std::allocator<char> >) /home/dave/coast/CoastalME/src/gis_raster.cpp:2084
    #6 0x5979ff2d25ae in CSimulation::bSaveAllRasterGISFiles() /home/dave/coast/CoastalME/src/gis_utils.cpp:1296
    #7 0x5979ff4f721a in CSimulation::DoSimulationEnd(int) /home/dave/coast/CoastalME/src/utils.cpp:2391
    #8 0x5979ff109b85 in main /home/dave/coast/CoastalME/src/cme.cpp:46
    #9 0x79fec502a600 in __libc_start_call_main ../sysdeps/nptl/libc_start_call_main.h:59
    #10 0x79fec502a717 in __libc_start_main_impl ../csu/libc-start.c:360
    #11 0x5979fefc7b84 in _start (/home/dave/coast/CoastalME/cme+0xb39b84) (BuildId: 97d2d8cd42157b9ef58d8bf687c85254bc09c5fe)

Indirect leak of 25 byte(s) in 1 object(s) allocated from:
    #0 0x79fec852b60f in malloc ../../../../src/libsanitizer/asan/asan_malloc_linux.cpp:67
    #1 0x79fec6635efe in VSIStrdup (/usr/lib/x86_64-linux-gnu/libgdal.so.38+0x635efe) (BuildId: 5024c91a394464fa10fa4e113b3e952de293b399)
    #2 0x79fec663de0e in VSIStrdupVerbose (/usr/lib/x86_64-linux-gnu/libgdal.so.38+0x63de0e) (BuildId: 5024c91a394464fa10fa4e113b3e952de293b399)
    #3 0x79fec663deaa in CSLAddStringMayFail (/usr/lib/x86_64-linux-gnu/libgdal.so.38+0x63deaa) (BuildId: 5024c91a394464fa10fa4e113b3e952de293b399)
    #4 0x79fec663df64 in CSLAddString (/usr/lib/x86_64-linux-gnu/libgdal.so.38+0x63df64) (BuildId: 5024c91a394464fa10fa4e113b3e952de293b399)
    #5 0x5979ff2b0cd9 in CSimulation::bWriteRasterGISFile(int, std::__cxx11::basic_string<char, std::char_traits<char>, std::allocator<char> > const*, int, double, std::__cxx11::basic_string<char, std::char_traits<char>, std::allocator<char> >) /home/dave/coast/CoastalME/src/gis_raster.cpp:2085
    #6 0x5979ff2d25ae in CSimulation::bSaveAllRasterGISFiles() /home/dave/coast/CoastalME/src/gis_utils.cpp:1296
    #7 0x5979ff4f721a in CSimulation::DoSimulationEnd(int) /home/dave/coast/CoastalME/src/utils.cpp:2391
    #8 0x5979ff109b85 in main /home/dave/coast/CoastalME/src/cme.cpp:46
    #9 0x79fec502a600 in __libc_start_call_main ../sysdeps/nptl/libc_start_call_main.h:59
    #10 0x79fec502a717 in __libc_start_main_impl ../csu/libc-start.c:360
    #11 0x5979fefc7b84 in _start (/home/dave/coast/CoastalME/cme+0xb39b84) (BuildId: 97d2d8cd42157b9ef58d8bf687c85254bc09c5fe)

Indirect leak of 25 byte(s) in 1 object(s) allocated from:
    #0 0x79fec852b60f in malloc ../../../../src/libsanitizer/asan/asan_malloc_linux.cpp:67
    #1 0x79fec6635efe in VSIStrdup (/usr/lib/x86_64-linux-gnu/libgdal.so.38+0x635efe) (BuildId: 5024c91a394464fa10fa4e113b3e952de293b399)
    #2 0x79fec663de0e in VSIStrdupVerbose (/usr/lib/x86_64-linux-gnu/libgdal.so.38+0x63de0e) (BuildId: 5024c91a394464fa10fa4e113b3e952de293b399)
    #3 0x79fec663deaa in CSLAddStringMayFail (/usr/lib/x86_64-linux-gnu/libgdal.so.38+0x63deaa) (BuildId: 5024c91a394464fa10fa4e113b3e952de293b399)
    #4 0x79fec663df64 in CSLAddString (/usr/lib/x86_64-linux-gnu/libgdal.so.38+0x63df64) (BuildId: 5024c91a394464fa10fa4e113b3e952de293b399)
    #5 0x5979ff2b0c4a in CSimulation::bWriteRasterGISFile(int, std::__cxx11::basic_string<char, std::char_traits<char>, std::allocator<char> > const*, int, double, std::__cxx11::basic_string<char, std::char_traits<char>, std::allocator<char> >) /home/dave/coast/CoastalME/src/gis_raster.cpp:2065
    #6 0x5979ff2d11d1 in CSimulation::bSaveAllRasterGISFiles() /home/dave/coast/CoastalME/src/gis_utils.cpp:1163
    #7 0x5979ff4f721a in CSimulation::DoSimulationEnd(int) /home/dave/coast/CoastalME/src/utils.cpp:2391
    #8 0x5979ff109b85 in main /home/dave/coast/CoastalME/src/cme.cpp:46
    #9 0x79fec502a600 in __libc_start_call_main ../sysdeps/nptl/libc_start_call_main.h:59
    #10 0x79fec502a717 in __libc_start_main_impl ../csu/libc-start.c:360
    #11 0x5979fefc7b84 in _start (/home/dave/coast/CoastalME/cme+0xb39b84) (BuildId: 97d2d8cd42157b9ef58d8bf687c85254bc09c5fe)

Indirect leak of 21 byte(s) in 1 object(s) allocated from:
    #0 0x79fec852b60f in malloc ../../../../src/libsanitizer/asan/asan_malloc_linux.cpp:67
    #1 0x79fec6635efe in VSIStrdup (/usr/lib/x86_64-linux-gnu/libgdal.so.38+0x635efe) (BuildId: 5024c91a394464fa10fa4e113b3e952de293b399)
    #2 0x79fec663de0e in VSIStrdupVerbose (/usr/lib/x86_64-linux-gnu/libgdal.so.38+0x63de0e) (BuildId: 5024c91a394464fa10fa4e113b3e952de293b399)
    #3 0x79fec663deaa in CSLAddStringMayFail (/usr/lib/x86_64-linux-gnu/libgdal.so.38+0x63deaa) (BuildId: 5024c91a394464fa10fa4e113b3e952de293b399)
    #4 0x79fec663df64 in CSLAddString (/usr/lib/x86_64-linux-gnu/libgdal.so.38+0x63df64) (BuildId: 5024c91a394464fa10fa4e113b3e952de293b399)
    #5 0x79fec663e0b3 in CSLAddNameValue (/usr/lib/x86_64-linux-gnu/libgdal.so.38+0x63e0b3) (BuildId: 5024c91a394464fa10fa4e113b3e952de293b399)
    #6 0x5979ff2ca6ef in CSimulation::SetRasterFileCreationDefaults() /home/dave/coast/CoastalME/src/gis_utils.cpp:1746
    #7 0x5979ff2c5eae in CSimulation::bCheckRasterGISOutputFormat() /home/dave/coast/CoastalME/src/gis_utils.cpp:801
    #8 0x5979ff469e37 in CSimulation::nDoSimulation(int, char const**) /home/dave/coast/CoastalME/src/simulation.cpp:604
    #9 0x5979ff109b6d in main /home/dave/coast/CoastalME/src/cme.cpp:45
    #10 0x79fec502a600 in __libc_start_call_main ../sysdeps/nptl/libc_start_call_main.h:59
    #11 0x79fec502a717 in __libc_start_main_impl ../csu/libc-start.c:360
    #12 0x5979fefc7b84 in _start (/home/dave/coast/CoastalME/cme+0xb39b84) (BuildId: 97d2d8cd42157b9ef58d8bf687c85254bc09c5fe)

Indirect leak of 19 byte(s) in 1 object(s) allocated from:
    #0 0x79fec852b60f in malloc ../../../../src/libsanitizer/asan/asan_malloc_linux.cpp:67
    #1 0x79fec6635efe in VSIStrdup (/usr/lib/x86_64-linux-gnu/libgdal.so.38+0x635efe) (BuildId: 5024c91a394464fa10fa4e113b3e952de293b399)
    #2 0x79fec663de0e in VSIStrdupVerbose (/usr/lib/x86_64-linux-gnu/libgdal.so.38+0x63de0e) (BuildId: 5024c91a394464fa10fa4e113b3e952de293b399)
    #3 0x79fec663deaa in CSLAddStringMayFail (/usr/lib/x86_64-linux-gnu/libgdal.so.38+0x63deaa) (BuildId: 5024c91a394464fa10fa4e113b3e952de293b399)
    #4 0x79fec663df64 in CSLAddString (/usr/lib/x86_64-linux-gnu/libgdal.so.38+0x63df64) (BuildId: 5024c91a394464fa10fa4e113b3e952de293b399)
    #5 0x5979ff2b0cb3 in CSimulation::bWriteRasterGISFile(int, std::__cxx11::basic_string<char, std::char_traits<char>, std::allocator<char> > const*, int, double, std::__cxx11::basic_string<char, std::char_traits<char>, std::allocator<char> >) /home/dave/coast/CoastalME/src/gis_raster.cpp:2079
    #6 0x5979ff2d24ec in CSimulation::bSaveAllRasterGISFiles() /home/dave/coast/CoastalME/src/gis_utils.cpp:1293
    #7 0x5979ff4f721a in CSimulation::DoSimulationEnd(int) /home/dave/coast/CoastalME/src/utils.cpp:2391
    #8 0x5979ff109b85 in main /home/dave/coast/CoastalME/src/cme.cpp:46
    #9 0x79fec502a600 in __libc_start_call_main ../sysdeps/nptl/libc_start_call_main.h:59
    #10 0x79fec502a717 in __libc_start_main_impl ../csu/libc-start.c:360
    #11 0x5979fefc7b84 in _start (/home/dave/coast/CoastalME/cme+0xb39b84) (BuildId: 97d2d8cd42157b9ef58d8bf687c85254bc09c5fe)

Indirect leak of 19 byte(s) in 1 object(s) allocated from:
    #0 0x79fec852b60f in malloc ../../../../src/libsanitizer/asan/asan_malloc_linux.cpp:67
    #1 0x79fec6635efe in VSIStrdup (/usr/lib/x86_64-linux-gnu/libgdal.so.38+0x635efe) (BuildId: 5024c91a394464fa10fa4e113b3e952de293b399)
    #2 0x79fec663de0e in VSIStrdupVerbose (/usr/lib/x86_64-linux-gnu/libgdal.so.38+0x63de0e) (BuildId: 5024c91a394464fa10fa4e113b3e952de293b399)
    #3 0x79fec663deaa in CSLAddStringMayFail (/usr/lib/x86_64-linux-gnu/libgdal.so.38+0x63deaa) (BuildId: 5024c91a394464fa10fa4e113b3e952de293b399)
    #4 0x79fec663df64 in CSLAddString (/usr/lib/x86_64-linux-gnu/libgdal.so.38+0x63df64) (BuildId: 5024c91a394464fa10fa4e113b3e952de293b399)
    #5 0x5979ff2b0b9a in CSimulation::bWriteRasterGISFile(int, std::__cxx11::basic_string<char, std::char_traits<char>, std::allocator<char> > const*, int, double, std::__cxx11::basic_string<char, std::char_traits<char>, std::allocator<char> >) /home/dave/coast/CoastalME/src/gis_raster.cpp:2043
    #6 0x5979ff2cf02c in CSimulation::bSaveAllRasterGISFiles() /home/dave/coast/CoastalME/src/gis_utils.cpp:1072
    #7 0x5979ff4f721a in CSimulation::DoSimulationEnd(int) /home/dave/coast/CoastalME/src/utils.cpp:2391
    #8 0x5979ff109b85 in main /home/dave/coast/CoastalME/src/cme.cpp:46
    #9 0x79fec502a600 in __libc_start_call_main ../sysdeps/nptl/libc_start_call_main.h:59
    #10 0x79fec502a717 in __libc_start_main_impl ../csu/libc-start.c:360
    #11 0x5979fefc7b84 in _start (/home/dave/coast/CoastalME/cme+0xb39b84) (BuildId: 97d2d8cd42157b9ef58d8bf687c85254bc09c5fe)

Indirect leak of 19 byte(s) in 1 object(s) allocated from:
    #0 0x79fec852b60f in malloc ../../../../src/libsanitizer/asan/asan_malloc_linux.cpp:67
    #1 0x79fec6635efe in VSIStrdup (/usr/lib/x86_64-linux-gnu/libgdal.so.38+0x635efe) (BuildId: 5024c91a394464fa10fa4e113b3e952de293b399)
    #2 0x79fec663de0e in VSIStrdupVerbose (/usr/lib/x86_64-linux-gnu/libgdal.so.38+0x63de0e) (BuildId: 5024c91a394464fa10fa4e113b3e952de293b399)
    #3 0x79fec663deaa in CSLAddStringMayFail (/usr/lib/x86_64-linux-gnu/libgdal.so.38+0x63deaa) (BuildId: 5024c91a394464fa10fa4e113b3e952de293b399)
    #4 0x79fec663df64 in CSLAddString (/usr/lib/x86_64-linux-gnu/libgdal.so.38+0x63df64) (BuildId: 5024c91a394464fa10fa4e113b3e952de293b399)
    #5 0x5979ff2b0c63 in CSimulation::bWriteRasterGISFile(int, std::__cxx11::basic_string<char, std::char_traits<char>, std::allocator<char> > const*, int, double, std::__cxx11::basic_string<char, std::char_traits<char>, std::allocator<char> >) /home/dave/coast/CoastalME/src/gis_raster.cpp:2069
    #6 0x5979ff2d12c6 in CSimulation::bSaveAllRasterGISFiles() /home/dave/coast/CoastalME/src/gis_utils.cpp:1169
    #7 0x5979ff4f721a in CSimulation::DoSimulationEnd(int) /home/dave/coast/CoastalME/src/utils.cpp:2391
    #8 0x5979ff109b85 in main /home/dave/coast/CoastalME/src/cme.cpp:46
    #9 0x79fec502a600 in __libc_start_call_main ../sysdeps/nptl/libc_start_call_main.h:59
    #10 0x79fec502a717 in __libc_start_main_impl ../csu/libc-start.c:360
    #11 0x5979fefc7b84 in _start (/home/dave/coast/CoastalME/cme+0xb39b84) (BuildId: 97d2d8cd42157b9ef58d8bf687c85254bc09c5fe)

Indirect leak of 15 byte(s) in 1 object(s) allocated from:
    #0 0x79fec852b60f in malloc ../../../../src/libsanitizer/asan/asan_malloc_linux.cpp:67
    #1 0x79fec6635efe in VSIStrdup (/usr/lib/x86_64-linux-gnu/libgdal.so.38+0x635efe) (BuildId: 5024c91a394464fa10fa4e113b3e952de293b399)
    #2 0x79fec663de0e in VSIStrdupVerbose (/usr/lib/x86_64-linux-gnu/libgdal.so.38+0x63de0e) (BuildId: 5024c91a394464fa10fa4e113b3e952de293b399)
    #3 0x79fec663deaa in CSLAddStringMayFail (/usr/lib/x86_64-linux-gnu/libgdal.so.38+0x63deaa) (BuildId: 5024c91a394464fa10fa4e113b3e952de293b399)
    #4 0x79fec663df64 in CSLAddString (/usr/lib/x86_64-linux-gnu/libgdal.so.38+0x63df64) (BuildId: 5024c91a394464fa10fa4e113b3e952de293b399)
    #5 0x5979ff2b0cc2 in CSimulation::bWriteRasterGISFile(int, std::__cxx11::basic_string<char, std::char_traits<char>, std::allocator<char> > const*, int, double, std::__cxx11::basic_string<char, std::char_traits<char>, std::allocator<char> >) /home/dave/coast/CoastalME/src/gis_raster.cpp:2080
    #6 0x5979ff2d24ec in CSimulation::bSaveAllRasterGISFiles() /home/dave/coast/CoastalME/src/gis_utils.cpp:1293
    #7 0x5979ff4f721a in CSimulation::DoSimulationEnd(int) /home/dave/coast/CoastalME/src/utils.cpp:2391
    #8 0x5979ff109b85 in main /home/dave/coast/CoastalME/src/cme.cpp:46
    #9 0x79fec502a600 in __libc_start_call_main ../sysdeps/nptl/libc_start_call_main.h:59
    #10 0x79fec502a717 in __libc_start_main_impl ../csu/libc-start.c:360
    #11 0x5979fefc7b84 in _start (/home/dave/coast/CoastalME/cme+0xb39b84) (BuildId: 97d2d8cd42157b9ef58d8bf687c85254bc09c5fe)

Indirect leak of 15 byte(s) in 1 object(s) allocated from:
    #0 0x79fec852b60f in malloc ../../../../src/libsanitizer/asan/asan_malloc_linux.cpp:67
    #1 0x79fec6635efe in VSIStrdup (/usr/lib/x86_64-linux-gnu/libgdal.so.38+0x635efe) (BuildId: 5024c91a394464fa10fa4e113b3e952de293b399)
    #2 0x79fec663de0e in VSIStrdupVerbose (/usr/lib/x86_64-linux-gnu/libgdal.so.38+0x63de0e) (BuildId: 5024c91a394464fa10fa4e113b3e952de293b399)
    #3 0x79fec663deaa in CSLAddStringMayFail (/usr/lib/x86_64-linux-gnu/libgdal.so.38+0x63deaa) (BuildId: 5024c91a394464fa10fa4e113b3e952de293b399)
    #4 0x79fec663df64 in CSLAddString (/usr/lib/x86_64-linux-gnu/libgdal.so.38+0x63df64) (BuildId: 5024c91a394464fa10fa4e113b3e952de293b399)
    #5 0x5979ff2b0c72 in CSimulation::bWriteRasterGISFile(int, std::__cxx11::basic_string<char, std::char_traits<char>, std::allocator<char> > const*, int, double, std::__cxx11::basic_string<char, std::char_traits<char>, std::allocator<char> >) /home/dave/coast/CoastalME/src/gis_raster.cpp:2070
    #6 0x5979ff2d12c6 in CSimulation::bSaveAllRasterGISFiles() /home/dave/coast/CoastalME/src/gis_utils.cpp:1169
    #7 0x5979ff4f721a in CSimulation::DoSimulationEnd(int) /home/dave/coast/CoastalME/src/utils.cpp:2391
    #8 0x5979ff109b85 in main /home/dave/coast/CoastalME/src/cme.cpp:46
    #9 0x79fec502a600 in __libc_start_call_main ../sysdeps/nptl/libc_start_call_main.h:59
    #10 0x79fec502a717 in __libc_start_main_impl ../csu/libc-start.c:360
    #11 0x5979fefc7b84 in _start (/home/dave/coast/CoastalME/cme+0xb39b84) (BuildId: 97d2d8cd42157b9ef58d8bf687c85254bc09c5fe)

Indirect leak of 15 byte(s) in 1 object(s) allocated from:
    #0 0x79fec852b60f in malloc ../../../../src/libsanitizer/asan/asan_malloc_linux.cpp:67
    #1 0x79fec6635efe in VSIStrdup (/usr/lib/x86_64-linux-gnu/libgdal.so.38+0x635efe) (BuildId: 5024c91a394464fa10fa4e113b3e952de293b399)
    #2 0x79fec663de0e in VSIStrdupVerbose (/usr/lib/x86_64-linux-gnu/libgdal.so.38+0x63de0e) (BuildId: 5024c91a394464fa10fa4e113b3e952de293b399)
    #3 0x79fec663deaa in CSLAddStringMayFail (/usr/lib/x86_64-linux-gnu/libgdal.so.38+0x63deaa) (BuildId: 5024c91a394464fa10fa4e113b3e952de293b399)
    #4 0x79fec663df64 in CSLAddString (/usr/lib/x86_64-linux-gnu/libgdal.so.38+0x63df64) (BuildId: 5024c91a394464fa10fa4e113b3e952de293b399)
    #5 0x5979ff2b0c1c in CSimulation::bWriteRasterGISFile(int, std::__cxx11::basic_string<char, std::char_traits<char>, std::allocator<char> > const*, int, double, std::__cxx11::basic_string<char, std::char_traits<char>, std::allocator<char> >) /home/dave/coast/CoastalME/src/gis_raster.cpp:2055
    #6 0x5979ff2d2302 in CSimulation::bSaveAllRasterGISFiles() /home/dave/coast/CoastalME/src/gis_utils.cpp:1281
    #7 0x5979ff4f721a in CSimulation::DoSimulationEnd(int) /home/dave/coast/CoastalME/src/utils.cpp:2391
    #8 0x5979ff109b85 in main /home/dave/coast/CoastalME/src/cme.cpp:46
    #9 0x79fec502a600 in __libc_start_call_main ../sysdeps/nptl/libc_start_call_main.h:59
    #10 0x79fec502a717 in __libc_start_main_impl ../csu/libc-start.c:360
    #11 0x5979fefc7b84 in _start (/home/dave/coast/CoastalME/cme+0xb39b84) (BuildId: 97d2d8cd42157b9ef58d8bf687c85254bc09c5fe)

Indirect leak of 14 byte(s) in 1 object(s) allocated from:
    #0 0x79fec852b60f in malloc ../../../../src/libsanitizer/asan/asan_malloc_linux.cpp:67
    #1 0x79fec6635efe in VSIStrdup (/usr/lib/x86_64-linux-gnu/libgdal.so.38+0x635efe) (BuildId: 5024c91a394464fa10fa4e113b3e952de293b399)
    #2 0x79fec663de0e in VSIStrdupVerbose (/usr/lib/x86_64-linux-gnu/libgdal.so.38+0x63de0e) (BuildId: 5024c91a394464fa10fa4e113b3e952de293b399)
    #3 0x79fec663deaa in CSLAddStringMayFail (/usr/lib/x86_64-linux-gnu/libgdal.so.38+0x63deaa) (BuildId: 5024c91a394464fa10fa4e113b3e952de293b399)
    #4 0x79fec663df64 in CSLAddString (/usr/lib/x86_64-linux-gnu/libgdal.so.38+0x63df64) (BuildId: 5024c91a394464fa10fa4e113b3e952de293b399)
    #5 0x5979ff2b09ec in CSimulation::bWriteRasterGISFile(int, std::__cxx11::basic_string<char, std::char_traits<char>, std::allocator<char> > const*, int, double, std::__cxx11::basic_string<char, std::char_traits<char>, std::allocator<char> >) /home/dave/coast/CoastalME/src/gis_raster.cpp:2059
    #6 0x5979ff2d10dc in CSimulation::bSaveAllRasterGISFiles() /home/dave/coast/CoastalME/src/gis_utils.cpp:1157
    #7 0x5979ff4f721a in CSimulation::DoSimulationEnd(int) /home/dave/coast/CoastalME/src/utils.cpp:2391
    #8 0x5979ff109b85 in main /home/dave/coast/CoastalME/src/cme.cpp:46
    #9 0x79fec502a600 in __libc_start_call_main ../sysdeps/nptl/libc_start_call_main.h:59
    #10 0x79fec502a717 in __libc_start_main_impl ../csu/libc-start.c:360
    #11 0x5979fefc7b84 in _start (/home/dave/coast/CoastalME/cme+0xb39b84) (BuildId: 97d2d8cd42157b9ef58d8bf687c85254bc09c5fe)

Indirect leak of 13 byte(s) in 1 object(s) allocated from:
    #0 0x79fec852b60f in malloc ../../../../src/libsanitizer/asan/asan_malloc_linux.cpp:67
    #1 0x79fec6635efe in VSIStrdup (/usr/lib/x86_64-linux-gnu/libgdal.so.38+0x635efe) (BuildId: 5024c91a394464fa10fa4e113b3e952de293b399)
    #2 0x79fec663de0e in VSIStrdupVerbose (/usr/lib/x86_64-linux-gnu/libgdal.so.38+0x63de0e) (BuildId: 5024c91a394464fa10fa4e113b3e952de293b399)
    #3 0x79fec663deaa in CSLAddStringMayFail (/usr/lib/x86_64-linux-gnu/libgdal.so.38+0x63deaa) (BuildId: 5024c91a394464fa10fa4e113b3e952de293b399)
    #4 0x79fec663df64 in CSLAddString (/usr/lib/x86_64-linux-gnu/libgdal.so.38+0x63df64) (BuildId: 5024c91a394464fa10fa4e113b3e952de293b399)
    #5 0x5979ff2b0b8b in CSimulation::bWriteRasterGISFile(int, std::__cxx11::basic_string<char, std::char_traits<char>, std::allocator<char> > const*, int, double, std::__cxx11::basic_string<char, std::char_traits<char>, std::allocator<char> >) /home/dave/coast/CoastalME/src/gis_raster.cpp:2041
    #6 0x5979ff2cf02c in CSimulation::bSaveAllRasterGISFiles() /home/dave/coast/CoastalME/src/gis_utils.cpp:1072
    #7 0x5979ff4f721a in CSimulation::DoSimulationEnd(int) /home/dave/coast/CoastalME/src/utils.cpp:2391
    #8 0x5979ff109b85 in main /home/dave/coast/CoastalME/src/cme.cpp:46
    #9 0x79fec502a600 in __libc_start_call_main ../sysdeps/nptl/libc_start_call_main.h:59
    #10 0x79fec502a717 in __libc_start_main_impl ../csu/libc-start.c:360
    #11 0x5979fefc7b84 in _start (/home/dave/coast/CoastalME/cme+0xb39b84) (BuildId: 97d2d8cd42157b9ef58d8bf687c85254bc09c5fe)

Indirect leak of 13 byte(s) in 1 object(s) allocated from:
    #0 0x79fec852b60f in malloc ../../../../src/libsanitizer/asan/asan_malloc_linux.cpp:67
    #1 0x79fec6635efe in VSIStrdup (/usr/lib/x86_64-linux-gnu/libgdal.so.38+0x635efe) (BuildId: 5024c91a394464fa10fa4e113b3e952de293b399)
    #2 0x79fec663de0e in VSIStrdupVerbose (/usr/lib/x86_64-linux-gnu/libgdal.so.38+0x63de0e) (BuildId: 5024c91a394464fa10fa4e113b3e952de293b399)
    #3 0x79fec663deaa in CSLAddStringMayFail (/usr/lib/x86_64-linux-gnu/libgdal.so.38+0x63deaa) (BuildId: 5024c91a394464fa10fa4e113b3e952de293b399)
    #4 0x79fec663df64 in CSLAddString (/usr/lib/x86_64-linux-gnu/libgdal.so.38+0x63df64) (BuildId: 5024c91a394464fa10fa4e113b3e952de293b399)
    #5 0x5979ff2b0ba9 in CSimulation::bWriteRasterGISFile(int, std::__cxx11::basic_string<char, std::char_traits<char>, std::allocator<char> > const*, int, double, std::__cxx11::basic_string<char, std::char_traits<char>, std::allocator<char> >) /home/dave/coast/CoastalME/src/gis_raster.cpp:2044
    #6 0x5979ff2cf02c in CSimulation::bSaveAllRasterGISFiles() /home/dave/coast/CoastalME/src/gis_utils.cpp:1072
    #7 0x5979ff4f721a in CSimulation::DoSimulationEnd(int) /home/dave/coast/CoastalME/src/utils.cpp:2391
    #8 0x5979ff109b85 in main /home/dave/coast/CoastalME/src/cme.cpp:46
    #9 0x79fec502a600 in __libc_start_call_main ../sysdeps/nptl/libc_start_call_main.h:59
    #10 0x79fec502a717 in __libc_start_main_impl ../csu/libc-start.c:360
    #11 0x5979fefc7b84 in _start (/home/dave/coast/CoastalME/cme+0xb39b84) (BuildId: 97d2d8cd42157b9ef58d8bf687c85254bc09c5fe)

Indirect leak of 13 byte(s) in 1 object(s) allocated from:
    #0 0x79fec852b60f in malloc ../../../../src/libsanitizer/asan/asan_malloc_linux.cpp:67
    #1 0x79fec6635efe in VSIStrdup (/usr/lib/x86_64-linux-gnu/libgdal.so.38+0x635efe) (BuildId: 5024c91a394464fa10fa4e113b3e952de293b399)
    #2 0x79fec663de0e in VSIStrdupVerbose (/usr/lib/x86_64-linux-gnu/libgdal.so.38+0x63de0e) (BuildId: 5024c91a394464fa10fa4e113b3e952de293b399)
    #3 0x79fec663deaa in CSLAddStringMayFail (/usr/lib/x86_64-linux-gnu/libgdal.so.38+0x63deaa) (BuildId: 5024c91a394464fa10fa4e113b3e952de293b399)
    #4 0x79fec663df64 in CSLAddString (/usr/lib/x86_64-linux-gnu/libgdal.so.38+0x63df64) (BuildId: 5024c91a394464fa10fa4e113b3e952de293b399)
    #5 0x79fec663e0b3 in CSLAddNameValue (/usr/lib/x86_64-linux-gnu/libgdal.so.38+0x63e0b3) (BuildId: 5024c91a394464fa10fa4e113b3e952de293b399)
    #6 0x5979ff2ca76a in CSimulation::SetRasterFileCreationDefaults() /home/dave/coast/CoastalME/src/gis_utils.cpp:1747
    #7 0x5979ff2c5eae in CSimulation::bCheckRasterGISOutputFormat() /home/dave/coast/CoastalME/src/gis_utils.cpp:801
    #8 0x5979ff469e37 in CSimulation::nDoSimulation(int, char const**) /home/dave/coast/CoastalME/src/simulation.cpp:604
    #9 0x5979ff109b6d in main /home/dave/coast/CoastalME/src/cme.cpp:45
    #10 0x79fec502a600 in __libc_start_call_main ../sysdeps/nptl/libc_start_call_main.h:59
    #11 0x79fec502a717 in __libc_start_main_impl ../csu/libc-start.c:360
    #12 0x5979fefc7b84 in _start (/home/dave/coast/CoastalME/cme+0xb39b84) (BuildId: 97d2d8cd42157b9ef58d8bf687c85254bc09c5fe)

Indirect leak of 12 byte(s) in 1 object(s) allocated from:
    #0 0x79fec852b60f in malloc ../../../../src/libsanitizer/asan/asan_malloc_linux.cpp:67
    #1 0x79fec6635efe in VSIStrdup (/usr/lib/x86_64-linux-gnu/libgdal.so.38+0x635efe) (BuildId: 5024c91a394464fa10fa4e113b3e952de293b399)
    #2 0x79fec663de0e in VSIStrdupVerbose (/usr/lib/x86_64-linux-gnu/libgdal.so.38+0x63de0e) (BuildId: 5024c91a394464fa10fa4e113b3e952de293b399)
    #3 0x79fec663deaa in CSLAddStringMayFail (/usr/lib/x86_64-linux-gnu/libgdal.so.38+0x63deaa) (BuildId: 5024c91a394464fa10fa4e113b3e952de293b399)
    #4 0x79fec663df64 in CSLAddString (/usr/lib/x86_64-linux-gnu/libgdal.so.38+0x63df64) (BuildId: 5024c91a394464fa10fa4e113b3e952de293b399)
    #5 0x5979ff2b0bb8 in CSimulation::bWriteRasterGISFile(int, std::__cxx11::basic_string<char, std::char_traits<char>, std::allocator<char> > const*, int, double, std::__cxx11::basic_string<char, std::char_traits<char>, std::allocator<char> >) /home/dave/coast/CoastalME/src/gis_raster.cpp:2046
    #6 0x5979ff2cf02c in CSimulation::bSaveAllRasterGISFiles() /home/dave/coast/CoastalME/src/gis_utils.cpp:1072
    #7 0x5979ff4f721a in CSimulation::DoSimulationEnd(int) /home/dave/coast/CoastalME/src/utils.cpp:2391
    #8 0x5979ff109b85 in main /home/dave/coast/CoastalME/src/cme.cpp:46
    #9 0x79fec502a600 in __libc_start_call_main ../sysdeps/nptl/libc_start_call_main.h:59
    #10 0x79fec502a717 in __libc_start_main_impl ../csu/libc-start.c:360
    #11 0x5979fefc7b84 in _start (/home/dave/coast/CoastalME/cme+0xb39b84) (BuildId: 97d2d8cd42157b9ef58d8bf687c85254bc09c5fe)

Indirect leak of 12 byte(s) in 1 object(s) allocated from:
    #0 0x79fec852b60f in malloc ../../../../src/libsanitizer/asan/asan_malloc_linux.cpp:67
    #1 0x79fec6635efe in VSIStrdup (/usr/lib/x86_64-linux-gnu/libgdal.so.38+0x635efe) (BuildId: 5024c91a394464fa10fa4e113b3e952de293b399)
    #2 0x79fec663de0e in VSIStrdupVerbose (/usr/lib/x86_64-linux-gnu/libgdal.so.38+0x63de0e) (BuildId: 5024c91a394464fa10fa4e113b3e952de293b399)
    #3 0x79fec663deaa in CSLAddStringMayFail (/usr/lib/x86_64-linux-gnu/libgdal.so.38+0x63deaa) (BuildId: 5024c91a394464fa10fa4e113b3e952de293b399)
    #4 0x79fec663df64 in CSLAddString (/usr/lib/x86_64-linux-gnu/libgdal.so.38+0x63df64) (BuildId: 5024c91a394464fa10fa4e113b3e952de293b399)
    #5 0x5979ff2b0c8b in CSimulation::bWriteRasterGISFile(int, std::__cxx11::basic_string<char, std::char_traits<char>, std::allocator<char> > const*, int, double, std::__cxx11::basic_string<char, std::char_traits<char>, std::allocator<char> >) /home/dave/coast/CoastalME/src/gis_raster.cpp:2074
    #6 0x5979ff2d2023 in CSimulation::bSaveAllRasterGISFiles() /home/dave/coast/CoastalME/src/gis_utils.cpp:1263
    #7 0x5979ff4f721a in CSimulation::DoSimulationEnd(int) /home/dave/coast/CoastalME/src/utils.cpp:2391
    #8 0x5979ff109b85 in main /home/dave/coast/CoastalME/src/cme.cpp:46
    #9 0x79fec502a600 in __libc_start_call_main ../sysdeps/nptl/libc_start_call_main.h:59
    #10 0x79fec502a717 in __libc_start_main_impl ../csu/libc-start.c:360
    #11 0x5979fefc7b84 in _start (/home/dave/coast/CoastalME/cme+0xb39b84) (BuildId: 97d2d8cd42157b9ef58d8bf687c85254bc09c5fe)

Indirect leak of 11 byte(s) in 1 object(s) allocated from:
    #0 0x79fec852b60f in malloc ../../../../src/libsanitizer/asan/asan_malloc_linux.cpp:67
    #1 0x79fec6635efe in VSIStrdup (/usr/lib/x86_64-linux-gnu/libgdal.so.38+0x635efe) (BuildId: 5024c91a394464fa10fa4e113b3e952de293b399)
    #2 0x79fec663de0e in VSIStrdupVerbose (/usr/lib/x86_64-linux-gnu/libgdal.so.38+0x63de0e) (BuildId: 5024c91a394464fa10fa4e113b3e952de293b399)
    #3 0x79fec663deaa in CSLAddStringMayFail (/usr/lib/x86_64-linux-gnu/libgdal.so.38+0x63deaa) (BuildId: 5024c91a394464fa10fa4e113b3e952de293b399)
    #4 0x79fec663df64 in CSLAddString (/usr/lib/x86_64-linux-gnu/libgdal.so.38+0x63df64) (BuildId: 5024c91a394464fa10fa4e113b3e952de293b399)
    #5 0x5979ff2b0c0d in CSimulation::bWriteRasterGISFile(int, std::__cxx11::basic_string<char, std::char_traits<char>, std::allocator<char> > const*, int, double, std::__cxx11::basic_string<char, std::char_traits<char>, std::allocator<char> >) /home/dave/coast/CoastalME/src/gis_raster.cpp:2054
    #6 0x5979ff2d2302 in CSimulation::bSaveAllRasterGISFiles() /home/dave/coast/CoastalME/src/gis_utils.cpp:1281
    #7 0x5979ff4f721a in CSimulation::DoSimulationEnd(int) /home/dave/coast/CoastalME/src/utils.cpp:2391
    #8 0x5979ff109b85 in main /home/dave/coast/CoastalME/src/cme.cpp:46
    #9 0x79fec502a600 in __libc_start_call_main ../sysdeps/nptl/libc_start_call_main.h:59
    #10 0x79fec502a717 in __libc_start_main_impl ../csu/libc-start.c:360
    #11 0x5979fefc7b84 in _start (/home/dave/coast/CoastalME/cme+0xb39b84) (BuildId: 97d2d8cd42157b9ef58d8bf687c85254bc09c5fe)

Indirect leak of 11 byte(s) in 1 object(s) allocated from:
    #0 0x79fec852b60f in malloc ../../../../src/libsanitizer/asan/asan_malloc_linux.cpp:67
    #1 0x79fec6635efe in VSIStrdup (/usr/lib/x86_64-linux-gnu/libgdal.so.38+0x635efe) (BuildId: 5024c91a394464fa10fa4e113b3e952de293b399)
    #2 0x79fec663de0e in VSIStrdupVerbose (/usr/lib/x86_64-linux-gnu/libgdal.so.38+0x63de0e) (BuildId: 5024c91a394464fa10fa4e113b3e952de293b399)
    #3 0x79fec663deaa in CSLAddStringMayFail (/usr/lib/x86_64-linux-gnu/libgdal.so.38+0x63deaa) (BuildId: 5024c91a394464fa10fa4e113b3e952de293b399)
    #4 0x79fec663df64 in CSLAddString (/usr/lib/x86_64-linux-gnu/libgdal.so.38+0x63df64) (BuildId: 5024c91a394464fa10fa4e113b3e952de293b399)
    #5 0x5979ff2b0b4f in CSimulation::bWriteRasterGISFile(int, std::__cxx11::basic_string<char, std::char_traits<char>, std::allocator<char> > const*, int, double, std::__cxx11::basic_string<char, std::char_traits<char>, std::allocator<char> >) /home/dave/coast/CoastalME/src/gis_raster.cpp:2037
    #6 0x5979ff2cf02c in CSimulation::bSaveAllRasterGISFiles() /home/dave/coast/CoastalME/src/gis_utils.cpp:1072
    #7 0x5979ff4f721a in CSimulation::DoSimulationEnd(int) /home/dave/coast/CoastalME/src/utils.cpp:2391
    #8 0x5979ff109b85 in main /home/dave/coast/CoastalME/src/cme.cpp:46
    #9 0x79fec502a600 in __libc_start_call_main ../sysdeps/nptl/libc_start_call_main.h:59
    #10 0x79fec502a717 in __libc_start_main_impl ../csu/libc-start.c:360
    #11 0x5979fefc7b84 in _start (/home/dave/coast/CoastalME/cme+0xb39b84) (BuildId: 97d2d8cd42157b9ef58d8bf687c85254bc09c5fe)

Indirect leak of 11 byte(s) in 1 object(s) allocated from:
    #0 0x79fec852b60f in malloc ../../../../src/libsanitizer/asan/asan_malloc_linux.cpp:67
    #1 0x79fec6635efe in VSIStrdup (/usr/lib/x86_64-linux-gnu/libgdal.so.38+0x635efe) (BuildId: 5024c91a394464fa10fa4e113b3e952de293b399)
    #2 0x79fec663de0e in VSIStrdupVerbose (/usr/lib/x86_64-linux-gnu/libgdal.so.38+0x63de0e) (BuildId: 5024c91a394464fa10fa4e113b3e952de293b399)
    #3 0x79fec663deaa in CSLAddStringMayFail (/usr/lib/x86_64-linux-gnu/libgdal.so.38+0x63deaa) (BuildId: 5024c91a394464fa10fa4e113b3e952de293b399)
    #4 0x79fec663df64 in CSLAddString (/usr/lib/x86_64-linux-gnu/libgdal.so.38+0x63df64) (BuildId: 5024c91a394464fa10fa4e113b3e952de293b399)
    #5 0x5979ff2b0c9a in CSimulation::bWriteRasterGISFile(int, std::__cxx11::basic_string<char, std::char_traits<char>, std::allocator<char> > const*, int, double, std::__cxx11::basic_string<char, std::char_traits<char>, std::allocator<char> >) /home/dave/coast/CoastalME/src/gis_raster.cpp:2075
    #6 0x5979ff2d2023 in CSimulation::bSaveAllRasterGISFiles() /home/dave/coast/CoastalME/src/gis_utils.cpp:1263
    #7 0x5979ff4f721a in CSimulation::DoSimulationEnd(int) /home/dave/coast/CoastalME/src/utils.cpp:2391
    #8 0x5979ff109b85 in main /home/dave/coast/CoastalME/src/cme.cpp:46
    #9 0x79fec502a600 in __libc_start_call_main ../sysdeps/nptl/libc_start_call_main.h:59
    #10 0x79fec502a717 in __libc_start_main_impl ../csu/libc-start.c:360
    #11 0x5979fefc7b84 in _start (/home/dave/coast/CoastalME/cme+0xb39b84) (BuildId: 97d2d8cd42157b9ef58d8bf687c85254bc09c5fe)

Indirect leak of 10 byte(s) in 1 object(s) allocated from:
    #0 0x79fec852b60f in malloc ../../../../src/libsanitizer/asan/asan_malloc_linux.cpp:67
    #1 0x79fec6635efe in VSIStrdup (/usr/lib/x86_64-linux-gnu/libgdal.so.38+0x635efe) (BuildId: 5024c91a394464fa10fa4e113b3e952de293b399)
    #2 0x79fec663de0e in VSIStrdupVerbose (/usr/lib/x86_64-linux-gnu/libgdal.so.38+0x63de0e) (BuildId: 5024c91a394464fa10fa4e113b3e952de293b399)
    #3 0x79fec663deaa in CSLAddStringMayFail (/usr/lib/x86_64-linux-gnu/libgdal.so.38+0x63deaa) (BuildId: 5024c91a394464fa10fa4e113b3e952de293b399)
    #4 0x79fec663df64 in CSLAddString (/usr/lib/x86_64-linux-gnu/libgdal.so.38+0x63df64) (BuildId: 5024c91a394464fa10fa4e113b3e952de293b399)
    #5 0x5979ff2b0c33 in CSimulation::bWriteRasterGISFile(int, std::__cxx11::basic_string<char, std::char_traits<char>, std::allocator<char> > const*, int, double, std::__cxx11::basic_string<char, std::char_traits<char>, std::allocator<char> >) /home/dave/coast/CoastalME/src/gis_raster.cpp:2060
    #6 0x5979ff2d10dc in CSimulation::bSaveAllRasterGISFiles() /home/dave/coast/CoastalME/src/gis_utils.cpp:1157
    #7 0x5979ff4f721a in CSimulation::DoSimulationEnd(int) /home/dave/coast/CoastalME/src/utils.cpp:2391
    #8 0x5979ff109b85 in main /home/dave/coast/CoastalME/src/cme.cpp:46
    #9 0x79fec502a600 in __libc_start_call_main ../sysdeps/nptl/libc_start_call_main.h:59
    #10 0x79fec502a717 in __libc_start_main_impl ../csu/libc-start.c:360
    #11 0x5979fefc7b84 in _start (/home/dave/coast/CoastalME/cme+0xb39b84) (BuildId: 97d2d8cd42157b9ef58d8bf687c85254bc09c5fe)

Indirect leak of 8 byte(s) in 8 object(s) allocated from:
    #0 0x79fec852b60f in malloc ../../../../src/libsanitizer/asan/asan_malloc_linux.cpp:67
    #1 0x79fec6638eeb in CPLMalloc (/usr/lib/x86_64-linux-gnu/libgdal.so.38+0x638eeb) (BuildId: 5024c91a394464fa10fa4e113b3e952de293b399)
    #2 0x79fec6639103 in CPLStrdup (/usr/lib/x86_64-linux-gnu/libgdal.so.38+0x639103) (BuildId: 5024c91a394464fa10fa4e113b3e952de293b399)
    #3 0x79fec68b8141 in OGRFieldDefn::OGRFieldDefn(OGRFieldDefn const*) (/usr/lib/x86_64-linux-gnu/libgdal.so.38+0x8b8141) (BuildId: 5024c91a394464fa10fa4e113b3e952de293b399)
    #4 0x79fec68b8248 in OGRFeatureDefn::AddFieldDefn(OGRFieldDefn const*) (/usr/lib/x86_64-linux-gnu/libgdal.so.38+0x8b8248) (BuildId: 5024c91a394464fa10fa4e113b3e952de293b399)
    #5 0x79fec72dcfcf  (/usr/lib/x86_64-linux-gnu/libgdal.so.38+0x12dcfcf) (BuildId: 5024c91a394464fa10fa4e113b3e952de293b399)
    #6 0x5979ff2feacb in CSimulation::bWriteVectorGISFile(int, std::__cxx11::basic_string<char, std::char_traits<char>, std::allocator<char> > const*, std::__cxx11::basic_string<char, std::char_traits<char>, std::allocator<char> >) /home/dave/coast/CoastalME/src/gis_vector.cpp:1069
    #7 0x5979ff2d4b50 in CSimulation::bSaveAllVectorGISFiles() /home/dave/coast/CoastalME/src/gis_utils.cpp:1412
    #8 0x5979ff47047e in CSimulation::nDoSimulation(int, char const**) /home/dave/coast/CoastalME/src/simulation.cpp:1323
    #9 0x5979ff109b6d in main /home/dave/coast/CoastalME/src/cme.cpp:45
    #10 0x79fec502a600 in __libc_start_call_main ../sysdeps/nptl/libc_start_call_main.h:59
    #11 0x79fec502a717 in __libc_start_main_impl ../csu/libc-start.c:360
    #12 0x5979fefc7b84 in _start (/home/dave/coast/CoastalME/cme+0xb39b84) (BuildId: 97d2d8cd42157b9ef58d8bf687c85254bc09c5fe)

Indirect leak of 8 byte(s) in 1 object(s) allocated from:
    #0 0x79fec852b60f in malloc ../../../../src/libsanitizer/asan/asan_malloc_linux.cpp:67
    #1 0x79fec6635efe in VSIStrdup (/usr/lib/x86_64-linux-gnu/libgdal.so.38+0x635efe) (BuildId: 5024c91a394464fa10fa4e113b3e952de293b399)
    #2 0x79fec663de0e in VSIStrdupVerbose (/usr/lib/x86_64-linux-gnu/libgdal.so.38+0x63de0e) (BuildId: 5024c91a394464fa10fa4e113b3e952de293b399)
    #3 0x79fec663deaa in CSLAddStringMayFail (/usr/lib/x86_64-linux-gnu/libgdal.so.38+0x63deaa) (BuildId: 5024c91a394464fa10fa4e113b3e952de293b399)
    #4 0x79fec663df64 in CSLAddString (/usr/lib/x86_64-linux-gnu/libgdal.so.38+0x63df64) (BuildId: 5024c91a394464fa10fa4e113b3e952de293b399)
    #5 0x79fec663e0b3 in CSLAddNameValue (/usr/lib/x86_64-linux-gnu/libgdal.so.38+0x63e0b3) (BuildId: 5024c91a394464fa10fa4e113b3e952de293b399)
    #6 0x5979ff2ca644 in CSimulation::SetRasterFileCreationDefaults() /home/dave/coast/CoastalME/src/gis_utils.cpp:1744
    #7 0x5979ff2c5eae in CSimulation::bCheckRasterGISOutputFormat() /home/dave/coast/CoastalME/src/gis_utils.cpp:801
    #8 0x5979ff469e37 in CSimulation::nDoSimulation(int, char const**) /home/dave/coast/CoastalME/src/simulation.cpp:604
    #9 0x5979ff109b6d in main /home/dave/coast/CoastalME/src/cme.cpp:45
    #10 0x79fec502a600 in __libc_start_call_main ../sysdeps/nptl/libc_start_call_main.h:59
    #11 0x79fec502a717 in __libc_start_main_impl ../csu/libc-start.c:360
    #12 0x5979fefc7b84 in _start (/home/dave/coast/CoastalME/cme+0xb39b84) (BuildId: 97d2d8cd42157b9ef58d8bf687c85254bc09c5fe)

Indirect leak of 8 byte(s) in 8 object(s) allocated from:
    #0 0x79fec852b60f in malloc ../../../../src/libsanitizer/asan/asan_malloc_linux.cpp:67
    #1 0x79fec6638eeb in CPLMalloc (/usr/lib/x86_64-linux-gnu/libgdal.so.38+0x638eeb) (BuildId: 5024c91a394464fa10fa4e113b3e952de293b399)
    #2 0x79fec6639103 in CPLStrdup (/usr/lib/x86_64-linux-gnu/libgdal.so.38+0x639103) (BuildId: 5024c91a394464fa10fa4e113b3e952de293b399)
    #3 0x79fec692cc98 in OGRGeomFieldDefn::Initialize(char const*, OGRwkbGeometryType) (/usr/lib/x86_64-linux-gnu/libgdal.so.38+0x92cc98) (BuildId: 5024c91a394464fa10fa4e113b3e952de293b399)
    #4 0x79fec692cd17 in OGRGeomFieldDefn::OGRGeomFieldDefn(char const*, OGRwkbGeometryType) (/usr/lib/x86_64-linux-gnu/libgdal.so.38+0x92cd17) (BuildId: 5024c91a394464fa10fa4e113b3e952de293b399)
    #5 0x79fec72cf5b7  (/usr/lib/x86_64-linux-gnu/libgdal.so.38+0x12cf5b7) (BuildId: 5024c91a394464fa10fa4e113b3e952de293b399)
    #6 0x79fec72d9a46  (/usr/lib/x86_64-linux-gnu/libgdal.so.38+0x12d9a46) (BuildId: 5024c91a394464fa10fa4e113b3e952de293b399)
    #7 0x79fec78c01a2 in GDALDataset::CreateLayer(char const*, OGRGeomFieldDefn const*, char const* const*) (/usr/lib/x86_64-linux-gnu/libgdal.so.38+0x18c01a2) (BuildId: 5024c91a394464fa10fa4e113b3e952de293b399)
    #8 0x79fec78c02f8 in GDALDataset::CreateLayer(char const*, OGRSpatialReference const*, OGRwkbGeometryType, char const* const*) (/usr/lib/x86_64-linux-gnu/libgdal.so.38+0x18c02f8) (BuildId: 5024c91a394464fa10fa4e113b3e952de293b399)
    #9 0x5979ff2f03c2 in CSimulation::bWriteVectorGISFile(int, std::__cxx11::basic_string<char, std::char_traits<char>, std::allocator<char> > const*, std::__cxx11::basic_string<char, std::char_traits<char>, std::allocator<char> >) /home/dave/coast/CoastalME/src/gis_vector.cpp:665
    #10 0x5979ff2d4b50 in CSimulation::bSaveAllVectorGISFiles() /home/dave/coast/CoastalME/src/gis_utils.cpp:1412
    #11 0x5979ff47047e in CSimulation::nDoSimulation(int, char const**) /home/dave/coast/CoastalME/src/simulation.cpp:1323
    #12 0x5979ff109b6d in main /home/dave/coast/CoastalME/src/cme.cpp:45
    #13 0x79fec502a600 in __libc_start_call_main ../sysdeps/nptl/libc_start_call_main.h:59
    #14 0x79fec502a717 in __libc_start_main_impl ../csu/libc-start.c:360
    #15 0x5979fefc7b84 in _start (/home/dave/coast/CoastalME/cme+0xb39b84) (BuildId: 97d2d8cd42157b9ef58d8bf687c85254bc09c5fe)

Indirect leak of 6 byte(s) in 1 object(s) allocated from:
    #0 0x79fec852b60f in malloc ../../../../src/libsanitizer/asan/asan_malloc_linux.cpp:67
    #1 0x79fec6635efe in VSIStrdup (/usr/lib/x86_64-linux-gnu/libgdal.so.38+0x635efe) (BuildId: 5024c91a394464fa10fa4e113b3e952de293b399)
    #2 0x79fec663de0e in VSIStrdupVerbose (/usr/lib/x86_64-linux-gnu/libgdal.so.38+0x63de0e) (BuildId: 5024c91a394464fa10fa4e113b3e952de293b399)
    #3 0x79fec663deaa in CSLAddStringMayFail (/usr/lib/x86_64-linux-gnu/libgdal.so.38+0x63deaa) (BuildId: 5024c91a394464fa10fa4e113b3e952de293b399)
    #4 0x79fec663df64 in CSLAddString (/usr/lib/x86_64-linux-gnu/libgdal.so.38+0x63df64) (BuildId: 5024c91a394464fa10fa4e113b3e952de293b399)
    #5 0x5979ff2b0bd6 in CSimulation::bWriteRasterGISFile(int, std::__cxx11::basic_string<char, std::char_traits<char>, std::allocator<char> > const*, int, double, std::__cxx11::basic_string<char, std::char_traits<char>, std::allocator<char> >) /home/dave/coast/CoastalME/src/gis_raster.cpp:2048
    #6 0x5979ff2cf02c in CSimulation::bSaveAllRasterGISFiles() /home/dave/coast/CoastalME/src/gis_utils.cpp:1072
    #7 0x5979ff4f721a in CSimulation::DoSimulationEnd(int) /home/dave/coast/CoastalME/src/utils.cpp:2391
    #8 0x5979ff109b85 in main /home/dave/coast/CoastalME/src/cme.cpp:46
    #9 0x79fec502a600 in __libc_start_call_main ../sysdeps/nptl/libc_start_call_main.h:59
    #10 0x79fec502a717 in __libc_start_main_impl ../csu/libc-start.c:360
    #11 0x5979fefc7b84 in _start (/home/dave/coast/CoastalME/cme+0xb39b84) (BuildId: 97d2d8cd42157b9ef58d8bf687c85254bc09c5fe)

Indirect leak of 6 byte(s) in 1 object(s) allocated from:
    #0 0x79fec852b60f in malloc ../../../../src/libsanitizer/asan/asan_malloc_linux.cpp:67
    #1 0x79fec6635efe in VSIStrdup (/usr/lib/x86_64-linux-gnu/libgdal.so.38+0x635efe) (BuildId: 5024c91a394464fa10fa4e113b3e952de293b399)
    #2 0x79fec663de0e in VSIStrdupVerbose (/usr/lib/x86_64-linux-gnu/libgdal.so.38+0x63de0e) (BuildId: 5024c91a394464fa10fa4e113b3e952de293b399)
    #3 0x79fec663deaa in CSLAddStringMayFail (/usr/lib/x86_64-linux-gnu/libgdal.so.38+0x63deaa) (BuildId: 5024c91a394464fa10fa4e113b3e952de293b399)
    #4 0x79fec663df64 in CSLAddString (/usr/lib/x86_64-linux-gnu/libgdal.so.38+0x63df64) (BuildId: 5024c91a394464fa10fa4e113b3e952de293b399)
    #5 0x5979ff2b0b6d in CSimulation::bWriteRasterGISFile(int, std::__cxx11::basic_string<char, std::char_traits<char>, std::allocator<char> > const*, int, double, std::__cxx11::basic_string<char, std::char_traits<char>, std::allocator<char> >) /home/dave/coast/CoastalME/src/gis_raster.cpp:2039
    #6 0x5979ff2cf02c in CSimulation::bSaveAllRasterGISFiles() /home/dave/coast/CoastalME/src/gis_utils.cpp:1072
    #7 0x5979ff4f721a in CSimulation::DoSimulationEnd(int) /home/dave/coast/CoastalME/src/utils.cpp:2391
    #8 0x5979ff109b85 in main /home/dave/coast/CoastalME/src/cme.cpp:46
    #9 0x79fec502a600 in __libc_start_call_main ../sysdeps/nptl/libc_start_call_main.h:59
    #10 0x79fec502a717 in __libc_start_main_impl ../csu/libc-start.c:360
    #11 0x5979fefc7b84 in _start (/home/dave/coast/CoastalME/cme+0xb39b84) (BuildId: 97d2d8cd42157b9ef58d8bf687c85254bc09c5fe)

Indirect leak of 6 byte(s) in 1 object(s) allocated from:
    #0 0x79fec852b60f in malloc ../../../../src/libsanitizer/asan/asan_malloc_linux.cpp:67
    #1 0x79fec6635efe in VSIStrdup (/usr/lib/x86_64-linux-gnu/libgdal.so.38+0x635efe) (BuildId: 5024c91a394464fa10fa4e113b3e952de293b399)
    #2 0x79fec663de0e in VSIStrdupVerbose (/usr/lib/x86_64-linux-gnu/libgdal.so.38+0x63de0e) (BuildId: 5024c91a394464fa10fa4e113b3e952de293b399)
    #3 0x79fec663deaa in CSLAddStringMayFail (/usr/lib/x86_64-linux-gnu/libgdal.so.38+0x63deaa) (BuildId: 5024c91a394464fa10fa4e113b3e952de293b399)
    #4 0x79fec663df64 in CSLAddString (/usr/lib/x86_64-linux-gnu/libgdal.so.38+0x63df64) (BuildId: 5024c91a394464fa10fa4e113b3e952de293b399)
    #5 0x5979ff2b0b7c in CSimulation::bWriteRasterGISFile(int, std::__cxx11::basic_string<char, std::char_traits<char>, std::allocator<char> > const*, int, double, std::__cxx11::basic_string<char, std::char_traits<char>, std::allocator<char> >) /home/dave/coast/CoastalME/src/gis_raster.cpp:2040
    #6 0x5979ff2cf02c in CSimulation::bSaveAllRasterGISFiles() /home/dave/coast/CoastalME/src/gis_utils.cpp:1072
    #7 0x5979ff4f721a in CSimulation::DoSimulationEnd(int) /home/dave/coast/CoastalME/src/utils.cpp:2391
    #8 0x5979ff109b85 in main /home/dave/coast/CoastalME/src/cme.cpp:46
    #9 0x79fec502a600 in __libc_start_call_main ../sysdeps/nptl/libc_start_call_main.h:59
    #10 0x79fec502a717 in __libc_start_main_impl ../csu/libc-start.c:360
    #11 0x5979fefc7b84 in _start (/home/dave/coast/CoastalME/cme+0xb39b84) (BuildId: 97d2d8cd42157b9ef58d8bf687c85254bc09c5fe)

Indirect leak of 6 byte(s) in 1 object(s) allocated from:
    #0 0x79fec852b60f in malloc ../../../../src/libsanitizer/asan/asan_malloc_linux.cpp:67
    #1 0x79fec6635efe in VSIStrdup (/usr/lib/x86_64-linux-gnu/libgdal.so.38+0x635efe) (BuildId: 5024c91a394464fa10fa4e113b3e952de293b399)
    #2 0x79fec663de0e in VSIStrdupVerbose (/usr/lib/x86_64-linux-gnu/libgdal.so.38+0x63de0e) (BuildId: 5024c91a394464fa10fa4e113b3e952de293b399)
    #3 0x79fec663deaa in CSLAddStringMayFail (/usr/lib/x86_64-linux-gnu/libgdal.so.38+0x63deaa) (BuildId: 5024c91a394464fa10fa4e113b3e952de293b399)
    #4 0x79fec663df64 in CSLAddString (/usr/lib/x86_64-linux-gnu/libgdal.so.38+0x63df64) (BuildId: 5024c91a394464fa10fa4e113b3e952de293b399)
    #5 0x5979ff2b0be5 in CSimulation::bWriteRasterGISFile(int, std::__cxx11::basic_string<char, std::char_traits<char>, std::allocator<char> > const*, int, double, std::__cxx11::basic_string<char, std::char_traits<char>, std::allocator<char> >) /home/dave/coast/CoastalME/src/gis_raster.cpp:2049
    #6 0x5979ff2cf02c in CSimulation::bSaveAllRasterGISFiles() /home/dave/coast/CoastalME/src/gis_utils.cpp:1072
    #7 0x5979ff4f721a in CSimulation::DoSimulationEnd(int) /home/dave/coast/CoastalME/src/utils.cpp:2391
    #8 0x5979ff109b85 in main /home/dave/coast/CoastalME/src/cme.cpp:46
    #9 0x79fec502a600 in __libc_start_call_main ../sysdeps/nptl/libc_start_call_main.h:59
    #10 0x79fec502a717 in __libc_start_main_impl ../csu/libc-start.c:360
    #11 0x5979fefc7b84 in _start (/home/dave/coast/CoastalME/cme+0xb39b84) (BuildId: 97d2d8cd42157b9ef58d8bf687c85254bc09c5fe)

Indirect leak of 6 byte(s) in 1 object(s) allocated from:
    #0 0x79fec852b60f in malloc ../../../../src/libsanitizer/asan/asan_malloc_linux.cpp:67
    #1 0x79fec6635efe in VSIStrdup (/usr/lib/x86_64-linux-gnu/libgdal.so.38+0x635efe) (BuildId: 5024c91a394464fa10fa4e113b3e952de293b399)
    #2 0x79fec663de0e in VSIStrdupVerbose (/usr/lib/x86_64-linux-gnu/libgdal.so.38+0x63de0e) (BuildId: 5024c91a394464fa10fa4e113b3e952de293b399)
    #3 0x79fec663deaa in CSLAddStringMayFail (/usr/lib/x86_64-linux-gnu/libgdal.so.38+0x63deaa) (BuildId: 5024c91a394464fa10fa4e113b3e952de293b399)
    #4 0x79fec663df64 in CSLAddString (/usr/lib/x86_64-linux-gnu/libgdal.so.38+0x63df64) (BuildId: 5024c91a394464fa10fa4e113b3e952de293b399)
    #5 0x5979ff2b0bc7 in CSimulation::bWriteRasterGISFile(int, std::__cxx11::basic_string<char, std::char_traits<char>, std::allocator<char> > const*, int, double, std::__cxx11::basic_string<char, std::char_traits<char>, std::allocator<char> >) /home/dave/coast/CoastalME/src/gis_raster.cpp:2047
    #6 0x5979ff2cf02c in CSimulation::bSaveAllRasterGISFiles() /home/dave/coast/CoastalME/src/gis_utils.cpp:1072
    #7 0x5979ff4f721a in CSimulation::DoSimulationEnd(int) /home/dave/coast/CoastalME/src/utils.cpp:2391
    #8 0x5979ff109b85 in main /home/dave/coast/CoastalME/src/cme.cpp:46
    #9 0x79fec502a600 in __libc_start_call_main ../sysdeps/nptl/libc_start_call_main.h:59
    #10 0x79fec502a717 in __libc_start_main_impl ../csu/libc-start.c:360
    #11 0x5979fefc7b84 in _start (/home/dave/coast/CoastalME/cme+0xb39b84) (BuildId: 97d2d8cd42157b9ef58d8bf687c85254bc09c5fe)

Indirect leak of 5 byte(s) in 1 object(s) allocated from:
    #0 0x79fec852b60f in malloc ../../../../src/libsanitizer/asan/asan_malloc_linux.cpp:67
    #1 0x79fec6635efe in VSIStrdup (/usr/lib/x86_64-linux-gnu/libgdal.so.38+0x635efe) (BuildId: 5024c91a394464fa10fa4e113b3e952de293b399)
    #2 0x79fec663de0e in VSIStrdupVerbose (/usr/lib/x86_64-linux-gnu/libgdal.so.38+0x63de0e) (BuildId: 5024c91a394464fa10fa4e113b3e952de293b399)
    #3 0x79fec663deaa in CSLAddStringMayFail (/usr/lib/x86_64-linux-gnu/libgdal.so.38+0x63deaa) (BuildId: 5024c91a394464fa10fa4e113b3e952de293b399)
    #4 0x79fec663df64 in CSLAddString (/usr/lib/x86_64-linux-gnu/libgdal.so.38+0x63df64) (BuildId: 5024c91a394464fa10fa4e113b3e952de293b399)
    #5 0x5979ff2b0b40 in CSimulation::bWriteRasterGISFile(int, std::__cxx11::basic_string<char, std::char_traits<char>, std::allocator<char> > const*, int, double, std::__cxx11::basic_string<char, std::char_traits<char>, std::allocator<char> >) /home/dave/coast/CoastalME/src/gis_raster.cpp:2036
    #6 0x5979ff2cf02c in CSimulation::bSaveAllRasterGISFiles() /home/dave/coast/CoastalME/src/gis_utils.cpp:1072
    #7 0x5979ff4f721a in CSimulation::DoSimulationEnd(int) /home/dave/coast/CoastalME/src/utils.cpp:2391
    #8 0x5979ff109b85 in main /home/dave/coast/CoastalME/src/cme.cpp:46
    #9 0x79fec502a600 in __libc_start_call_main ../sysdeps/nptl/libc_start_call_main.h:59
    #10 0x79fec502a717 in __libc_start_main_impl ../csu/libc-start.c:360
    #11 0x5979fefc7b84 in _start (/home/dave/coast/CoastalME/cme+0xb39b84) (BuildId: 97d2d8cd42157b9ef58d8bf687c85254bc09c5fe)

Indirect leak of 5 byte(s) in 1 object(s) allocated from:
    #0 0x79fec852b60f in malloc ../../../../src/libsanitizer/asan/asan_malloc_linux.cpp:67
    #1 0x79fec6635efe in VSIStrdup (/usr/lib/x86_64-linux-gnu/libgdal.so.38+0x635efe) (BuildId: 5024c91a394464fa10fa4e113b3e952de293b399)
    #2 0x79fec663de0e in VSIStrdupVerbose (/usr/lib/x86_64-linux-gnu/libgdal.so.38+0x63de0e) (BuildId: 5024c91a394464fa10fa4e113b3e952de293b399)
    #3 0x79fec663deaa in CSLAddStringMayFail (/usr/lib/x86_64-linux-gnu/libgdal.so.38+0x63deaa) (BuildId: 5024c91a394464fa10fa4e113b3e952de293b399)
    #4 0x79fec663df64 in CSLAddString (/usr/lib/x86_64-linux-gnu/libgdal.so.38+0x63df64) (BuildId: 5024c91a394464fa10fa4e113b3e952de293b399)
    #5 0x5979ff2b0bfe in CSimulation::bWriteRasterGISFile(int, std::__cxx11::basic_string<char, std::char_traits<char>, std::allocator<char> > const*, int, double, std::__cxx11::basic_string<char, std::char_traits<char>, std::allocator<char> >) /home/dave/coast/CoastalME/src/gis_raster.cpp:2053
    #6 0x5979ff2d2302 in CSimulation::bSaveAllRasterGISFiles() /home/dave/coast/CoastalME/src/gis_utils.cpp:1281
    #7 0x5979ff4f721a in CSimulation::DoSimulationEnd(int) /home/dave/coast/CoastalME/src/utils.cpp:2391
    #8 0x5979ff109b85 in main /home/dave/coast/CoastalME/src/cme.cpp:46
    #9 0x79fec502a600 in __libc_start_call_main ../sysdeps/nptl/libc_start_call_main.h:59
    #10 0x79fec502a717 in __libc_start_main_impl ../csu/libc-start.c:360
    #11 0x5979fefc7b84 in _start (/home/dave/coast/CoastalME/cme+0xb39b84) (BuildId: 97d2d8cd42157b9ef58d8bf687c85254bc09c5fe)

Indirect leak of 4 byte(s) in 1 object(s) allocated from:
    #0 0x79fec852b60f in malloc ../../../../src/libsanitizer/asan/asan_malloc_linux.cpp:67
    #1 0x79fec6635efe in VSIStrdup (/usr/lib/x86_64-linux-gnu/libgdal.so.38+0x635efe) (BuildId: 5024c91a394464fa10fa4e113b3e952de293b399)
    #2 0x79fec663de0e in VSIStrdupVerbose (/usr/lib/x86_64-linux-gnu/libgdal.so.38+0x63de0e) (BuildId: 5024c91a394464fa10fa4e113b3e952de293b399)
    #3 0x79fec663deaa in CSLAddStringMayFail (/usr/lib/x86_64-linux-gnu/libgdal.so.38+0x63deaa) (BuildId: 5024c91a394464fa10fa4e113b3e952de293b399)
    #4 0x79fec663df64 in CSLAddString (/usr/lib/x86_64-linux-gnu/libgdal.so.38+0x63df64) (BuildId: 5024c91a394464fa10fa4e113b3e952de293b399)
    #5 0x5979ff2b0b5e in CSimulation::bWriteRasterGISFile(int, std::__cxx11::basic_string<char, std::char_traits<char>, std::allocator<char> > const*, int, double, std::__cxx11::basic_string<char, std::char_traits<char>, std::allocator<char> >) /home/dave/coast/CoastalME/src/gis_raster.cpp:2038
    #6 0x5979ff2cf02c in CSimulation::bSaveAllRasterGISFiles() /home/dave/coast/CoastalME/src/gis_utils.cpp:1072
    #7 0x5979ff4f721a in CSimulation::DoSimulationEnd(int) /home/dave/coast/CoastalME/src/utils.cpp:2391
    #8 0x5979ff109b85 in main /home/dave/coast/CoastalME/src/cme.cpp:46
    #9 0x79fec502a600 in __libc_start_call_main ../sysdeps/nptl/libc_start_call_main.h:59
    #10 0x79fec502a717 in __libc_start_main_impl ../csu/libc-start.c:360
    #11 0x5979fefc7b84 in _start (/home/dave/coast/CoastalME/cme+0xb39b84) (BuildId: 97d2d8cd42157b9ef58d8bf687c85254bc09c5fe)

SUMMARY: AddressSanitizer: 866382 byte(s) leaked in 21706 allocation(s).
